vendor_name,avg_rating,rating_std,low_rating_ratio,avg_review_length,duplicate_review_ratio,negative_keyword_ratio,textless_5star_ratio,review_count,review_density,question_count,refund_question_ratio,defect_question_ratio,authenticity_question_ratio,question_density,question_review_ratio,negative_sentiment_ratio,avg_sentiment_score,rating_normalized,rating_sentiment_gap,product_count,abusive_label,conditions_met_count
(주)경일종합식품,4.95,0.22360679774997894,0.0,468.7,0.0,0.05,0.42105263157894735,20,20.0,19.0,0.10526315789473684,0.10526315789473684,0.0,19.0,0.95,0.05,0.95,0.9875,0.03750000000000009,1,1,4
(주)그린바드,4.75,0.910465468000326,0.05,66.4,0.125,0.0,0.6111111111111112,20,20.0,12.0,0.0,0.0,0.0,12.0,0.6,0.0,1.0,0.9375,0.0625,1,0,1
(주)다노트정보,5.0,0.0,0.0,414.42105263157896,0.0,0.15789473684210525,0.47368421052631576,19,19.0,17.0,0.23529411764705882,0.0,0.11764705882352941,17.0,0.8947368421052632,0.15789473684210525,0.8421052631578947,1.0,0.1578947368421053,1,1,5
(주)리빙스토리,4.333333333333333,1.2780193008453875,0.14285714285714285,145.57142857142858,0.14285714285714285,0.047619047619047616,0.5,21,21.0,2.0,0.0,0.0,0.0,2.0,0.09523809523809523,0.047619047619047616,0.9523809523809523,0.8333333333333333,0.11904761904761907,1,0,0
(주)맥스올(MAXALL),4.7,0.7326950970650465,0.05,283.4,0.08333333333333333,0.1,0.3125,20,20.0,16.0,0.0,0.0,0.0,16.0,0.8,0.1,0.9,0.925,0.025000000000000022,1,0,2
(주)빙그레,5.0,0.0,0.0,548.55,0.0,0.1,0.45,20,20.0,13.0,0.0,0.0,0.0,13.0,0.65,0.1,0.9,1.0,0.09999999999999998,1,0,1
(주)산과들에,4.95,0.22360679774997894,0.0,400.8,0.0,0.05,0.47368421052631576,20,20.0,16.0,0.0,0.125,0.0,16.0,0.8,0.05,0.95,0.9875,0.03750000000000009,1,1,3
(주)삼백육십오,4.75,0.7163503994113789,0.05,254.2,0.0,0.0,0.4117647058823529,20,20.0,15.0,0.0,0.0,0.0,15.0,0.75,0.0,1.0,0.9375,0.0625,1,0,1
(주)씨제이이엔엠 (CJ온스타일),3.7037037037037037,1.588778311853647,0.2222222222222222,129.25925925925927,0.3888888888888889,0.0,0.75,27,27.0,14.0,0.07142857142857142,0.0,0.0,14.0,0.5185185185185185,0.0,1.0,0.6759259259259259,0.32407407407407407,1,0,2
"(주)어거스트포코리아(AUGUST FOUR KOREA Co.,Ltd.)",4.761904761904762,0.4364357804719847,0.0,428.7142857142857,0.08333333333333333,0.047619047619047616,0.4375,21,21.0,16.0,0.0,0.0,0.0,16.0,0.7619047619047619,0.047619047619047616,0.9523809523809523,0.9404761904761905,0.011904761904761862,1,0,0
(주)에스티아이그룹,4.7272727272727275,0.45584230583855173,0.0,480.59090909090907,0.13333333333333333,0.18181818181818182,0.375,22,22.0,15.0,0.0,0.0,0.0,15.0,0.6818181818181818,0.18181818181818182,0.8181818181818181,0.9318181818181819,0.11363636363636376,1,0,1
(주)에치와이,4.173913043478261,1.5270939101039858,0.17391304347826086,83.21739130434783,0.13333333333333333,0.0,0.5625,23,23.0,16.0,0.0625,0.0,0.125,16.0,0.6956521739130435,0.0,1.0,0.7934782608695652,0.2065217391304348,1,0,1
(주)오제앤에스,4.944444444444445,0.23570226039551584,0.0,65.5,0.0,0.1111111111111111,0.5294117647058824,18,18.0,9.0,0.0,0.0,0.1111111111111111,9.0,0.5,0.1111111111111111,0.8888888888888888,0.9861111111111112,0.09722222222222232,1,0,1
(주)와이엔지컴퍼니,4.208333333333333,0.832970935693524,0.0,94.79166666666667,0.3125,0.0,0.36363636363636365,24,24.0,4.0,0.0,0.0,0.0,4.0,0.16666666666666666,0.0,1.0,0.8020833333333333,0.19791666666666674,1,0,1
(주)원데이뉴트리션,4.3,1.4903196407411894,0.15,429.75,0.0,0.0,0.375,20,20.0,15.0,0.0,0.0,0.0,15.0,0.75,0.0,1.0,0.825,0.17500000000000004,1,0,2
(주)유니토아,4.761904761904762,0.5389584311207967,0.0,487.7142857142857,0.06666666666666667,0.2857142857142857,0.35294117647058826,21,21.0,16.0,0.125,0.0,0.0625,16.0,0.7619047619047619,0.2857142857142857,0.7142857142857143,0.9404761904761905,0.22619047619047616,1,1,3
(주)이레푸드,4.975,0.15811388300841897,0.0,453.6,0.0,0.05,0.4358974358974359,40,20.0,30.0,0.06666666666666667,0.0,0.03333333333333333,15.0,0.75,0.05,0.95,0.9937499999999999,0.043749999999999956,2,0,2
(주)컴퓨존,5.0,0.0,0.0,353.90909090909093,0.0,0.09090909090909091,0.5,22,22.0,30.0,0.06666666666666667,0.0,0.13333333333333333,30.0,1.3636363636363635,0.09090909090909091,0.9090909090909091,1.0,0.09090909090909094,1,0,2
"(주)케이지에프앤비 (KG F&B Co., ltd)",4.809523809523809,0.511766315719159,0.0,326.42857142857144,0.15384615384615385,0.047619047619047616,0.4444444444444444,21,21.0,10.0,0.0,0.0,0.0,10.0,0.47619047619047616,0.047619047619047616,0.9523809523809523,0.9523809523809523,0.0,1,0,0
(주)콤비타코리아,4.85,0.3663475485325232,0.0,101.7,0.15384615384615385,0.0,0.4117647058823529,20,20.0,15.0,0.13333333333333333,0.0,0.13333333333333333,15.0,0.75,0.0,1.0,0.9624999999999999,0.03750000000000009,1,0,2
(주)큐브온커머스,4.829268292682927,0.5432512781572743,0.024390243902439025,391.6829268292683,0.043478260869565216,0.12195121951219512,0.4444444444444444,41,20.5,30.0,0.0,0.03333333333333333,0.03333333333333333,15.0,0.7317073170731707,0.12195121951219512,0.8780487804878049,0.9573170731707317,0.07926829268292679,2,0,0
(주)클릭나라 신계지점,4.833333333333333,0.3834824944236852,0.0,80.33333333333333,0.1111111111111111,0.0,0.6,18,18.0,6.0,0.16666666666666666,0.0,0.0,6.0,0.3333333333333333,0.0,1.0,0.9583333333333333,0.04166666666666674,1,0,2
(주)현대홈쇼핑(방송),4.466666666666667,1.0600988273786194,0.06666666666666667,0.0,0.0,0.0,1.0,15,15.0,4.0,0.0,0.0,0.0,4.0,0.26666666666666666,0.0,1.0,0.8666666666666667,0.1333333333333333,1,0,1
88그로스,4.476190476190476,0.8728715609439694,0.047619047619047616,477.42857142857144,0.14285714285714285,0.09523809523809523,0.35714285714285715,21,21.0,8.0,0.0,0.125,0.0,8.0,0.38095238095238093,0.09523809523809523,0.9047619047619048,0.8690476190476191,0.0357142857142857,1,0,1
BOT,4.8,0.41039134083406165,0.0,450.3,0.0,0.05,0.375,20,20.0,15.0,0.0,0.0,0.2,15.0,0.75,0.05,0.95,0.95,0.0,1,0,1
BonBon,4.809523809523809,0.5117663157191591,0.0,484.95238095238096,0.08333333333333333,0.19047619047619047,0.5,21,21.0,18.0,0.05555555555555555,0.0,0.16666666666666666,18.0,0.8571428571428571,0.19047619047619047,0.8095238095238095,0.9523809523809523,0.1428571428571428,1,0,2
Chloe and Co LLC,4.8,0.41039134083406165,0.0,432.75,0.0,0.15,0.3125,20,20.0,15.0,0.0,0.0,0.13333333333333333,15.0,0.75,0.15,0.85,0.95,0.09999999999999998,1,0,2
J.M유통,4.904761904761905,0.30079260375911915,0.0,571.3809523809524,0.07692307692307693,0.047619047619047616,0.47368421052631576,21,21.0,16.0,0.0625,0.0,0.0,16.0,0.7619047619047619,0.047619047619047616,0.9523809523809523,0.9761904761904763,0.023809523809523947,1,0,0
Jstyle,5.0,0.0,0.0,519.6,0.0,0.2,0.4,20,20.0,14.0,0.2857142857142857,0.0,0.0,14.0,0.7,0.2,0.8,1.0,0.19999999999999996,1,1,4
KHMALL,3.782608695652174,1.8818878755878592,0.30434782608695654,64.56521739130434,0.2,0.08695652173913043,0.5,23,23.0,15.0,0.0,0.0,0.3333333333333333,15.0,0.6521739130434783,0.08695652173913043,0.9130434782608696,0.6956521739130435,0.21739130434782616,1,0,1
LG HNH,4.95,0.22360679774997894,0.0,105.5,0.0,0.0,0.47368421052631576,20,20.0,2.0,0.0,0.0,0.0,2.0,0.1,0.0,1.0,0.9875,0.012499999999999956,1,0,1
LOWA INC,4.0,1.4800257398019099,0.18181818181818182,441.09090909090907,0.125,0.13636363636363635,0.3076923076923077,22,22.0,18.0,0.0,0.0,0.05555555555555555,18.0,0.8181818181818182,0.13636363636363635,0.8636363636363636,0.75,0.11363636363636365,1,0,1
"MITSUYA CO.,LTD.",5.0,0.0,0.0,140.85,0.06666666666666667,0.05,0.3,20,20.0,15.0,0.06666666666666667,0.0,0.0,15.0,0.75,0.05,0.95,1.0,0.050000000000000044,1,0,2
㈜엔에스쇼핑,4.6521739130434785,0.6472807211834832,0.0,156.7391304347826,0.21428571428571427,0.17391304347826086,0.5882352941176471,23,23.0,16.0,0.0,0.0,0.125,16.0,0.6956521739130435,0.17391304347826086,0.8260869565217391,0.9130434782608696,0.08695652173913049,1,0,1
가성(GS)컴퍼니,4.95,0.22360679774997894,0.0,510.0,0.0,0.0,0.47368421052631576,20,20.0,15.0,0.0,0.0,0.0,15.0,0.75,0.0,1.0,0.9875,0.012499999999999956,1,0,1
가온유통,5.0,0.0,0.0,500.05,0.0,0.1,0.5,20,20.0,15.0,0.06666666666666667,0.0,0.0,15.0,0.75,0.1,0.9,1.0,0.09999999999999998,1,0,2
건강앤건강,4.0,0.0,0.0,6.0,0.0,0.0,0.0,2,2.0,0.0,0.0,0.0,0.0,0.0,0.0,0.0,1.0,0.75,0.25,1,0,2
건강종합몰,4.45,1.2763022245616642,0.1,68.85,0.0,0.0,0.5,20,20.0,11.0,0.0,0.0,0.0,11.0,0.55,0.0,1.0,0.8625,0.13749999999999996,1,0,1
걷는아이,5.0,0.0,0.0,761.421052631579,0.07692307692307693,0.10526315789473684,0.3684210526315789,19,19.0,15.0,0.2,0.0,0.13333333333333333,15.0,0.7894736842105263,0.10526315789473684,0.8947368421052632,1.0,0.10526315789473684,1,1,3
고려유통,4.428571428571429,1.207121724244435,0.09523809523809523,545.4285714285714,0.0625,0.23809523809523808,0.26666666666666666,21,21.0,4.0,0.0,0.0,0.0,4.0,0.19047619047619047,0.23809523809523808,0.7619047619047619,0.8571428571428572,0.09523809523809534,1,0,1
고바나나스,4.857142857142857,0.35856858280031817,0.0,266.6666666666667,0.07692307692307693,0.09523809523809523,0.4444444444444444,21,21.0,16.0,0.0,0.0625,0.125,16.0,0.7619047619047619,0.09523809523809523,0.9047619047619048,0.9642857142857142,0.05952380952380942,1,0,1
골든상사,4.714285714285714,0.9023778112773574,0.047619047619047616,176.28571428571428,0.21428571428571427,0.047619047619047616,0.4444444444444444,21,21.0,15.0,0.0,0.0,0.0,15.0,0.7142857142857143,0.047619047619047616,0.9523809523809523,0.9285714285714286,0.023809523809523725,1,0,0
광동제약(주)(본사직영),4.9,0.30779350562554625,0.0,588.5,0.0,0.2,0.4444444444444444,20,20.0,19.0,0.05263157894736842,0.0,0.0,19.0,0.95,0.2,0.8,0.9750000000000001,0.17500000000000004,1,1,4
굿프렌즈,3.473684210526316,1.3485968449808854,0.2631578947368421,20.36842105263158,1.875,0.0,0.8,19,19.0,0.0,0.0,0.0,0.0,0.0,0.0,0.0,1.0,0.618421052631579,0.381578947368421,1,0,2
그릿,4.72093023255814,0.701209207126852,0.023255813953488372,504.09302325581393,0.08333333333333333,0.0,0.47058823529411764,43,21.5,22.0,0.045454545454545456,0.0,0.0,11.0,0.5116279069767442,0.0,1.0,0.930232558139535,0.06976744186046502,2,0,0
글리지토,5.0,0.0,0.0,465.8,0.0,0.25,0.45,20,20.0,15.0,0.0,0.0,0.13333333333333333,15.0,0.75,0.25,0.75,1.0,0.25,1,1,3
금수성 유한회사,4.857142857142857,0.35856858280031817,0.0,100.19047619047619,0.15384615384615385,0.0,0.4444444444444444,21,21.0,16.0,0.125,0.0,0.125,16.0,0.7619047619047619,0.0,1.0,0.9642857142857142,0.03571428571428581,1,0,1
금인홈,5.0,0.0,0.0,399.8,0.0,0.0,0.4,20,20.0,16.0,0.0625,0.0625,0.0,16.0,0.8,0.0,1.0,1.0,0.0,1,1,3
기가철물,4.9,0.3789323733725367,0.0,431.975,0.043478260869565216,0.15,0.40540540540540543,40,20.0,32.0,0.0625,0.0625,0.0,16.0,0.8,0.15,0.85,0.9750000000000001,0.1250000000000001,2,1,4
김씨네장바구니,5.0,0.0,0.0,346.9,0.0,0.15,0.45,20,20.0,15.0,0.0,0.0,0.06666666666666667,15.0,0.75,0.15,0.85,1.0,0.15000000000000002,1,1,3
꿈꾸는 주방,4.2272727272727275,1.2698638165386524,0.18181818181818182,150.77272727272728,0.15384615384615385,0.045454545454545456,0.42857142857142855,22,22.0,15.0,0.06666666666666667,0.06666666666666667,0.0,15.0,0.6818181818181818,0.045454545454545456,0.9545454545454546,0.8068181818181819,0.1477272727272727,1,0,2
내추럴올가,5.0,0.0,0.0,439.0,0.0,0.0,0.47368421052631576,19,19.0,2.0,0.0,0.0,0.0,2.0,0.10526315789473684,0.0,1.0,1.0,0.0,1,0,1
노빈라이트 유한회사,4.2926829268292686,1.3832133359649654,0.13414634146341464,339.2073170731707,0.0784313725490196,0.14634146341463414,0.3709677419354839,82,20.5,58.0,0.08620689655172414,0.017241379310344827,0.29310344827586204,14.5,0.7073170731707317,0.14634146341463414,0.8536585365853658,0.8231707317073171,0.030487804878048697,4,0,1
뉴다팜,4.823529411764706,0.3929526239966879,0.0,8.411764705882353,0.0,0.0,0.7142857142857143,17,17.0,0.0,0.0,0.0,0.0,0.0,0.0,0.0,1.0,0.9558823529411764,0.044117647058823595,1,0,1
뉴트리건강,4.9,0.44721359549995787,0.0,530.65,0.0,0.05,0.42105263157894735,20,20.0,16.0,0.0625,0.0,0.0,16.0,0.8,0.05,0.95,0.9750000000000001,0.025000000000000133,1,0,2
뉴피아,4.9,0.3077935056255462,0.0,400.6,0.0,0.0,0.4444444444444444,20,20.0,7.0,0.0,0.14285714285714285,0.0,7.0,0.35,0.0,1.0,0.9750000000000001,0.02499999999999991,1,0,2
다담마,4.5,0.9636241116594315,0.045454545454545456,399.22727272727275,0.13333333333333333,0.09090909090909091,0.4,22,22.0,15.0,0.26666666666666666,0.0,0.2,15.0,0.6818181818181818,0.09090909090909091,0.9090909090909091,0.875,0.03409090909090906,1,0,1
다모아마켓,4.35,1.4608937423083819,0.15,425.15,0.0,0.0,0.25,20,20.0,16.0,0.125,0.0,0.125,16.0,0.8,0.0,1.0,0.8374999999999999,0.1625000000000001,1,1,4
다베로,4.454545454545454,1.0107645728086347,0.045454545454545456,410.40909090909093,0.15384615384615385,0.0,0.4666666666666667,22,22.0,15.0,0.0,0.0,0.0,15.0,0.6818181818181818,0.0,1.0,0.8636363636363635,0.13636363636363646,1,0,0
다소니아,4.761904761904762,0.7003400534570262,0.047619047619047616,436.0,0.07142857142857142,0.19047619047619047,0.4444444444444444,21,21.0,6.0,0.0,0.0,0.0,6.0,0.2857142857142857,0.19047619047619047,0.8095238095238095,0.9404761904761905,0.13095238095238093,1,0,1
다온,5.0,0.0,0.0,0.0,0.0,0.0,1.0,2,2.0,0.0,0.0,0.0,0.0,0.0,0.0,0.0,1.0,1.0,0.0,1,0,1
다이몰005,4.8,0.5231483637805969,0.0,424.65,0.0,0.05,0.35294117647058826,20,20.0,16.0,0.0625,0.0,0.125,16.0,0.8,0.05,0.95,0.95,0.0,1,0,2
단골건강지킴이,4.823529411764706,0.7276068751089989,0.058823529411764705,101.47058823529412,0.14285714285714285,0.0,0.625,17,17.0,4.0,0.0,0.0,0.0,4.0,0.23529411764705882,0.0,1.0,0.9558823529411764,0.044117647058823595,1,0,1
단이쿠 유한회사,4.634146341463414,1.0666793698430566,0.07317073170731707,491.0243902439024,0.041666666666666664,0.0975609756097561,0.4,41,20.5,30.0,0.0,0.1,0.0,15.0,0.7317073170731707,0.0975609756097561,0.9024390243902439,0.9085365853658536,0.0060975609756096505,2,0,1
달리와마켓,4.904761904761905,0.30079260375911915,0.0,456.3333333333333,0.08333333333333333,0.047619047619047616,0.5263157894736842,21,21.0,15.0,0.0,0.0,0.0,15.0,0.7142857142857143,0.047619047619047616,0.9523809523809523,0.9761904761904763,0.023809523809523947,1,0,0
대천김(주),4.85,0.36634754853252327,0.0,369.95,0.0,0.0,0.29411764705882354,20,20.0,15.0,0.0,0.0,0.0,15.0,0.75,0.0,1.0,0.9624999999999999,0.03750000000000009,1,0,1
더바른닭,4.8,0.6958523739384594,0.05,514.75,0.0,0.15,0.4444444444444444,20,20.0,15.0,0.0,0.0,0.0,15.0,0.75,0.15,0.85,0.95,0.09999999999999998,1,0,2
더블유게러지,4.7,0.47016234598162726,0.0,519.1,0.08333333333333333,0.25,0.35714285714285715,20,20.0,15.0,0.0,0.06666666666666667,0.13333333333333333,15.0,0.75,0.25,0.75,0.925,0.17500000000000004,1,1,4
도나앤도니 (도나&도니),4.95,0.22360679774997894,0.0,175.75,0.0,0.0,0.47368421052631576,20,20.0,2.0,0.0,0.0,0.0,2.0,0.1,0.0,1.0,0.9875,0.012499999999999956,1,0,1
도담앤고,5.0,0.0,0.0,488.2,0.0,0.0,0.5,20,20.0,15.0,0.0,0.0,0.06666666666666667,15.0,0.75,0.0,1.0,1.0,0.0,1,0,1
도담컴퍼니,5.0,0.0,0.0,177.0,0.0,0.21052631578947367,0.47368421052631576,19,19.0,15.0,0.0,0.0,0.0,15.0,0.7894736842105263,0.21052631578947367,0.7894736842105263,1.0,0.21052631578947367,1,1,4
도시플랜,4.809523809523809,0.39743661793163754,0.0,291.7857142857143,0.15384615384615385,0.07142857142857142,0.4411764705882353,42,21.0,27.0,0.1111111111111111,0.0,0.0,13.5,0.6428571428571429,0.07142857142857142,0.9285714285714286,0.9523809523809523,0.023809523809523725,2,0,1
도해라,4.761904761904762,0.5389584311207967,0.0,348.85714285714283,0.08333333333333333,0.0,0.47058823529411764,21,21.0,15.0,0.0,0.0,0.0,15.0,0.7142857142857143,0.0,1.0,0.9404761904761905,0.059523809523809534,1,0,0
동아몰,5.0,0.0,0.0,518.075,0.0,0.125,0.45,40,20.0,30.0,0.0,0.0,0.0,15.0,0.75,0.125,0.875,1.0,0.125,2,0,1
동일식품,4.809523809523809,0.40237390808147827,0.0,191.1904761904762,0.08333333333333333,0.0,0.47058823529411764,21,21.0,6.0,0.0,0.0,0.0,6.0,0.2857142857142857,0.0,1.0,0.9523809523809523,0.04761904761904767,1,0,0
둥글컴퍼니,4.181818181818182,1.2203186015043321,0.13636363636363635,64.9090909090909,0.0625,0.09090909090909091,0.5384615384615384,22,22.0,7.0,0.0,0.0,0.14285714285714285,7.0,0.3181818181818182,0.09090909090909091,0.9090909090909091,0.7954545454545454,0.11363636363636365,1,0,0
디딩라이프,4.545454545454546,0.9116846116771036,0.045454545454545456,485.77272727272725,0.14285714285714285,0.18181818181818182,0.4666666666666667,22,22.0,16.0,0.0,0.0,0.1875,16.0,0.7272727272727273,0.18181818181818182,0.8181818181818181,0.8863636363636365,0.06818181818181834,1,0,1
디스이스마인,3.8095238095238093,1.2090925365350504,0.09523809523809523,135.66666666666666,1.125,0.0,1.0,21,21.0,4.0,0.0,0.0,0.25,4.0,0.19047619047619047,0.0,1.0,0.7023809523809523,0.29761904761904767,1,0,1
디와이트레이딩글로벌(DYTRADINGGLOBAL),4.85,0.4893604849295929,0.0,506.5,0.0,0.15,0.4444444444444444,20,20.0,15.0,0.0,0.0,0.06666666666666667,15.0,0.75,0.15,0.85,0.9624999999999999,0.11249999999999993,1,0,2
디이노,4.75,0.5501196042201808,0.0,346.6,0.06666666666666667,0.2,0.25,20,20.0,15.0,0.0,0.0,0.06666666666666667,15.0,0.75,0.2,0.8,0.9375,0.13749999999999996,1,0,2
디지털스토어,4.260869565217392,0.8643121965600912,0.0,441.3478260869565,0.35294117647058826,0.13043478260869565,0.4166666666666667,23,23.0,15.0,0.0,0.06666666666666667,0.06666666666666667,15.0,0.6521739130434783,0.13043478260869565,0.8695652173913043,0.8152173913043479,0.05434782608695643,1,0,1
디포터,4.5,1.185226520443204,0.09090909090909091,279.1363636363636,0.15384615384615385,0.22727272727272727,0.5294117647058824,22,22.0,16.0,0.0,0.0,0.4375,16.0,0.7272727272727273,0.22727272727272727,0.7727272727272727,0.875,0.10227272727272729,1,0,1
또또마켓,4.95,0.22360679774997894,0.0,506.95,0.0,0.05,0.47368421052631576,20,20.0,15.0,0.06666666666666667,0.0,0.0,15.0,0.75,0.05,0.95,0.9875,0.03750000000000009,1,0,2
라에르디,4.75,0.910465468000326,0.05,473.9,0.0,0.25,0.3333333333333333,20,20.0,16.0,0.0,0.0,0.125,16.0,0.8,0.25,0.75,0.9375,0.1875,1,1,4
라온스토어,4.9,0.30779350562554625,0.0,429.7,0.0,0.05,0.4444444444444444,20,20.0,16.0,0.0625,0.0,0.0,16.0,0.8,0.05,0.95,0.9750000000000001,0.025000000000000133,1,0,2
라이커,5.0,0.0,0.0,567.2105263157895,0.0,0.0,0.42105263157894735,19,19.0,15.0,0.0,0.06666666666666667,0.06666666666666667,15.0,0.7894736842105263,0.0,1.0,1.0,0.0,1,1,3
라이트달고,4.780487804878049,0.6896446592974972,0.024390243902439025,527.0731707317074,0.043478260869565216,0.14634146341463414,0.42857142857142855,41,20.5,30.0,0.13333333333333333,0.03333333333333333,0.0,15.0,0.7317073170731707,0.14634146341463414,0.8536585365853658,0.9451219512195121,0.09146341463414631,2,0,1
러블리본,4.7727272727272725,0.42893202722888857,0.0,408.54545454545456,0.15384615384615385,0.09090909090909091,0.5294117647058824,22,22.0,16.0,0.0625,0.0,0.25,16.0,0.7272727272727273,0.09090909090909091,0.9090909090909091,0.9431818181818181,0.03409090909090906,1,0,0
런캣,4.7368421052631575,0.5619514869490163,0.0,416.8421052631579,0.0,0.10526315789473684,0.2,19,19.0,15.0,0.0,0.0,0.0,15.0,0.7894736842105263,0.10526315789473684,0.8947368421052632,0.9342105263157894,0.039473684210526216,1,0,2
레로,4.333333333333333,1.0645812948447542,0.047619047619047616,106.0952380952381,0.15384615384615385,0.0,0.38461538461538464,21,21.0,4.0,0.0,0.0,0.0,4.0,0.19047619047619047,0.0,1.0,0.8333333333333333,0.16666666666666674,1,0,1
레이나트레이드 유한회사,4.95,0.22360679774997894,0.0,568.7,0.0,0.1,0.3684210526315789,20,20.0,15.0,0.3333333333333333,0.06666666666666667,0.13333333333333333,15.0,0.75,0.1,0.9,0.9875,0.08750000000000002,1,1,3
로랜텍로지스,4.619047619047619,0.9734572654303051,0.047619047619047616,517.1428571428571,0.07692307692307693,0.2857142857142857,0.4117647058823529,21,21.0,15.0,0.0,0.13333333333333333,0.0,15.0,0.7142857142857143,0.2857142857142857,0.7142857142857143,0.9047619047619047,0.19047619047619035,1,1,3
루춘컴퍼니 유한회사,4.8,0.894427190999916,0.05,501.15,0.0,0.05,0.42105263157894735,20,20.0,15.0,0.13333333333333333,0.0,0.13333333333333333,15.0,0.75,0.05,0.95,0.95,0.0,1,0,2
리관진이커머스 유한회사,4.9,0.44721359549995787,0.0,431.7,0.0,0.15,0.3684210526315789,20,20.0,15.0,0.0,0.26666666666666666,0.0,15.0,0.75,0.15,0.85,0.9750000000000001,0.1250000000000001,1,1,3
리빙블룸,4.7894736842105265,0.917662935482247,0.05263157894736842,359.7368421052632,0.08333333333333333,0.05263157894736842,0.3888888888888889,19,19.0,15.0,0.0,0.0,0.0,15.0,0.7894736842105263,0.05263157894736842,0.9473684210526316,0.9473684210526316,0.0,1,0,2
리시엘컴퍼니,4.8,0.5231483637805969,0.0,511.85,0.0,0.1,0.4117647058823529,20,20.0,15.0,0.0,0.0,0.5333333333333333,15.0,0.75,0.1,0.9,0.95,0.04999999999999993,1,0,1
리얼코리아,5.0,0.0,0.0,510.5,0.0,0.1,0.35,20,20.0,13.0,0.07692307692307693,0.15384615384615385,0.0,13.0,0.65,0.1,0.9,1.0,0.09999999999999998,1,1,3
리웰생활과학(주),4.818181818181818,0.39477101697586137,0.0,352.3181818181818,0.14285714285714285,0.18181818181818182,0.5,22,22.0,15.0,0.0,0.0,0.0,15.0,0.6818181818181818,0.18181818181818182,0.8181818181818181,0.9545454545454546,0.13636363636363646,1,0,1
마운트빅 지엔씨,4.476190476190476,1.1942564834237943,0.09523809523809523,422.2857142857143,0.08333333333333333,0.30952380952380953,0.4411764705882353,42,21.0,30.0,0.03333333333333333,0.03333333333333333,0.13333333333333333,15.0,0.7142857142857143,0.30952380952380953,0.6904761904761905,0.8690476190476191,0.1785714285714286,2,0,2
마이다스,4.238095238095238,1.3380867649282653,0.14285714285714285,135.57142857142858,0.15384615384615385,0.0,0.2857142857142857,21,21.0,15.0,0.0,0.0,0.0,15.0,0.7142857142857143,0.0,1.0,0.8095238095238095,0.19047619047619047,1,0,1
마이페이스샵,4.95,0.22360679774997894,0.0,504.05,0.0,0.2,0.3684210526315789,20,20.0,15.0,0.0,0.0,0.6,15.0,0.75,0.2,0.8,0.9875,0.1875,1,1,3
마켓플러스,5.0,0.0,0.0,404.8,0.0,0.05,0.45,20,20.0,15.0,0.06666666666666667,0.06666666666666667,0.06666666666666667,15.0,0.75,0.05,0.95,1.0,0.050000000000000044,1,1,3
말끔하게카,4.761904761904762,0.4364357804719847,0.0,181.28571428571428,0.15384615384615385,0.09523809523809523,0.5625,21,21.0,15.0,0.26666666666666666,0.0,0.26666666666666666,15.0,0.7142857142857143,0.09523809523809523,0.9047619047619048,0.9404761904761905,0.0357142857142857,1,0,1
메리하우스,1.8214285714285714,1.3348205990866457,0.8214285714285714,85.35714285714286,0.391304347826087,0.14285714285714285,1.0,28,28.0,8.0,0.125,0.0,0.0,8.0,0.2857142857142857,0.14285714285714285,0.8571428571428572,0.20535714285714285,0.6517857142857144,1,0,2
모고이레,4.95,0.22360679774997894,0.0,289.9,0.0,0.05,0.47368421052631576,20,20.0,16.0,0.0625,0.0,0.0,16.0,0.8,0.05,0.95,0.9875,0.03750000000000009,1,0,2
무드캐쳐,4.590909090909091,0.9081163607574332,0.045454545454545456,449.0,0.15384615384615385,0.09090909090909091,0.5,22,22.0,16.0,0.125,0.0,0.4375,16.0,0.7272727272727273,0.09090909090909091,0.9090909090909091,0.8977272727272727,0.011363636363636354,1,0,1
무심 스토어,4.8,0.8944271909999161,0.05,454.2,0.0,0.05,0.42105263157894735,20,20.0,16.0,0.125,0.0,0.1875,16.0,0.8,0.05,0.95,0.95,0.0,1,1,3
무지개숲,4.9,0.3077935056255462,0.0,603.4,0.0,0.1,0.4444444444444444,20,20.0,15.0,0.06666666666666667,0.06666666666666667,0.06666666666666667,15.0,0.75,0.1,0.9,0.9750000000000001,0.07500000000000007,1,1,3
문스토어,4.85,0.4893604849295929,0.0,512.55,0.0,0.1,0.4444444444444444,20,20.0,16.0,0.0625,0.0,0.0,16.0,0.8,0.1,0.9,0.9624999999999999,0.06249999999999989,1,0,2
물속이야기,4.75,0.910465468000326,0.05,521.85,0.0,0.15,0.3333333333333333,20,20.0,15.0,0.0,0.0,0.0,15.0,0.75,0.15,0.85,0.9375,0.08750000000000002,1,0,2
미나텍스,4.9,0.30779350562554625,0.0,541.85,0.0,0.05,0.4444444444444444,20,20.0,15.0,0.0,0.0,0.0,15.0,0.75,0.05,0.95,0.9750000000000001,0.025000000000000133,1,0,1
미라클직구,4.24,0.9255628917943215,0.04,190.56,0.3125,0.0,0.5454545454545454,25,25.0,3.0,0.0,0.0,0.0,3.0,0.12,0.0,1.0,0.81,0.18999999999999995,1,0,1
미스터수필,3.48,1.686218649325565,0.28,281.04,0.29411764705882354,0.24,0.5,25,25.0,16.0,0.125,0.0,0.3125,16.0,0.64,0.24,0.76,0.62,0.14,1,0,2
바른몰,4.9,0.30779350562554625,0.0,458.3,0.0,0.15,0.4444444444444444,20,20.0,15.0,0.0,0.0,0.0,15.0,0.75,0.15,0.85,0.9750000000000001,0.1250000000000001,1,0,2
바이유웰,4.9,0.44721359549995787,0.0,458.4,0.0,0.15,0.3684210526315789,20,20.0,17.0,0.0,0.0,0.058823529411764705,17.0,0.85,0.15,0.85,0.9750000000000001,0.1250000000000001,1,1,3
바이윤,3.6923076923076925,1.5689290811054724,0.23076923076923078,83.46153846153847,0.29411764705882354,0.23076923076923078,0.7142857142857143,26,26.0,16.0,0.0,0.0,0.0625,16.0,0.6153846153846154,0.23076923076923078,0.7692307692307692,0.6730769230769231,0.09615384615384603,1,0,1
반디생활건강,4.85,0.4893604849295929,0.0,501.2,0.0,0.2,0.3888888888888889,20,20.0,17.0,0.058823529411764705,0.0,0.0,17.0,0.85,0.2,0.8,0.9624999999999999,0.16249999999999987,1,1,4
받아소리,5.0,0.0,0.0,559.0,0.25,0.08333333333333333,0.4166666666666667,12,12.0,9.0,0.0,0.0,0.2222222222222222,9.0,0.75,0.08333333333333333,0.9166666666666666,1.0,0.08333333333333337,1,0,1
백무,4.857142857142857,0.35856858280031817,0.0,418.1904761904762,0.0625,0.047619047619047616,0.2777777777777778,21,21.0,15.0,0.13333333333333333,0.0,0.06666666666666667,15.0,0.7142857142857143,0.047619047619047616,0.9523809523809523,0.9642857142857142,0.011904761904761862,1,0,1
베리페리,5.0,0.0,0.0,508.05,0.0,0.15,0.35,20,20.0,15.0,0.0,0.0,0.0,15.0,0.75,0.15,0.85,1.0,0.15000000000000002,1,1,3
베스트 명품,4.333333333333333,1.1105554165971787,0.047619047619047616,394.9047619047619,0.07692307692307693,0.19047619047619047,0.2857142857142857,21,21.0,18.0,0.0,0.0,0.0,18.0,0.8571428571428571,0.19047619047619047,0.8095238095238095,0.8333333333333333,0.023809523809523725,1,0,2
베이직온,4.966666666666667,0.18257418583505533,0.0,336.06666666666666,0.0,0.03333333333333333,0.6551724137931034,30,30.0,30.0,0.0,0.0,0.0,30.0,1.0,0.03333333333333333,0.9666666666666667,0.9916666666666667,0.025000000000000022,1,0,1
보앤나,5.0,0.0,0.0,525.7,0.0,0.1,0.45,20,20.0,15.0,0.0,0.0,0.0,15.0,0.75,0.1,0.9,1.0,0.09999999999999998,1,0,1
부기팡팡,4.368421052631579,1.4985372985307104,0.15789473684210525,90.73684210526316,0.0,0.0,0.375,19,19.0,3.0,0.0,0.0,0.3333333333333333,3.0,0.15789473684210525,0.0,1.0,0.8421052631578947,0.1578947368421053,1,0,2
부산스토어,4.571428571428571,0.8106434833777776,0.047619047619047616,126.66666666666667,0.08333333333333333,0.3333333333333333,0.4666666666666667,21,21.0,15.0,0.13333333333333333,0.0,0.5333333333333333,15.0,0.7142857142857143,0.3333333333333333,0.6666666666666667,0.8928571428571428,0.22619047619047605,1,1,3
부스터,4.9,0.4472135954999579,0.0,440.5,0.0,0.2,0.47368421052631576,20,20.0,15.0,0.2,0.06666666666666667,0.06666666666666667,15.0,0.75,0.2,0.8,0.9750000000000001,0.17500000000000004,1,1,5
부엉이가게,4.631578947368421,1.01162829777814,0.05263157894736842,320.7368421052632,0.0,0.0,0.3125,19,19.0,16.0,0.0,0.0,0.125,16.0,0.8421052631578947,0.0,1.0,0.9078947368421053,0.09210526315789469,1,0,2
부영 마켓플레이스,4.714285714285714,0.6436503043467892,0.0,43.80952380952381,0.15384615384615385,0.047619047619047616,0.47058823529411764,21,21.0,15.0,0.0,0.0,0.26666666666666666,15.0,0.7142857142857143,0.047619047619047616,0.9523809523809523,0.9285714285714286,0.023809523809523725,1,0,0
부영 인터네셔널,4.878048780487805,0.3996950056742961,0.0,465.6829268292683,0.043478260869565216,0.04878048780487805,0.4594594594594595,41,20.5,34.0,0.029411764705882353,0.029411764705882353,0.0,17.0,0.8292682926829268,0.04878048780487805,0.9512195121951219,0.9695121951219512,0.018292682926829285,2,0,1
부자무역(Buzza trading),4.944444444444445,0.23570226039551584,0.0,414.3888888888889,0.0,0.0,0.35294117647058826,18,18.0,9.0,0.0,0.0,0.1111111111111111,9.0,0.5,0.0,1.0,0.9861111111111112,0.01388888888888884,1,0,1
부지런한 빵이,5.0,0.0,0.0,483.4,0.0,0.2,0.45,20,20.0,15.0,0.06666666666666667,0.0,0.06666666666666667,15.0,0.75,0.2,0.8,1.0,0.19999999999999996,1,1,4
뷰티스마일,4.857142857142857,0.35856858280031817,0.0,368.3809523809524,0.07692307692307693,0.0,0.4444444444444444,21,21.0,16.0,0.0,0.0,0.25,16.0,0.7619047619047619,0.0,1.0,0.9642857142857142,0.03571428571428581,1,0,0
브랜드셀러,4.857142857142857,0.3585685828003181,0.0,458.0952380952381,0.06666666666666667,0.14285714285714285,0.3333333333333333,21,21.0,16.0,0.125,0.0,0.625,16.0,0.7619047619047619,0.14285714285714285,0.8571428571428572,0.9642857142857142,0.10714285714285698,1,0,1
브릭홈,4.761904761904762,0.5389584311207967,0.0,123.9047619047619,0.07692307692307693,0.0,0.47058823529411764,21,21.0,0.0,0.0,0.0,0.0,0.0,0.0,0.0,1.0,0.9404761904761905,0.059523809523809534,1,0,0
브이오라,4.090909090909091,1.444499943433743,0.18181818181818182,585.5909090909091,0.14285714285714285,0.22727272727272727,0.38461538461538464,22,22.0,19.0,0.0,0.05263157894736842,0.0,19.0,0.8636363636363636,0.22727272727272727,0.7727272727272727,0.7727272727272727,0.0,1,1,3
블루스토어,5.0,0.0,0.0,438.45,0.0,0.25,0.5,20,20.0,15.0,0.06666666666666667,0.0,0.4,15.0,0.75,0.25,0.75,1.0,0.25,1,1,4
블루트레이딩주식회사,4.476190476190476,1.0779168622415933,0.09523809523809523,446.23809523809524,0.0,0.047619047619047616,0.3333333333333333,21,21.0,15.0,0.0,0.0,0.0,15.0,0.7142857142857143,0.047619047619047616,0.9523809523809523,0.8690476190476191,0.08333333333333326,1,0,0
비바시티,4.9,0.30779350562554625,0.0,545.2,0.0,0.4,0.3888888888888889,20,20.0,15.0,0.0,0.0,0.0,15.0,0.75,0.4,0.6,0.9750000000000001,0.3750000000000001,1,1,3
비비드라인,3.8076923076923075,1.497176830417323,0.19230769230769232,216.46153846153845,0.3888888888888889,0.07692307692307693,0.5454545454545454,26,26.0,16.0,0.125,0.0,0.4375,16.0,0.6153846153846154,0.07692307692307693,0.9230769230769231,0.7019230769230769,0.22115384615384626,1,0,2
비엔컴퍼니 주식회사,4.391304347826087,0.6563764465043607,0.0,196.7391304347826,0.17647058823529413,0.08695652173913043,0.18181818181818182,23,23.0,3.0,0.0,0.3333333333333333,0.0,3.0,0.13043478260869565,0.08695652173913043,0.9130434782608696,0.8478260869565217,0.0652173913043479,1,0,1
비타플러스,4.95,0.22360679774997896,0.0,399.6,0.16666666666666666,0.05,0.42105263157894735,20,20.0,15.0,0.0,0.0,0.06666666666666667,15.0,0.75,0.05,0.95,0.9875,0.03750000000000009,1,0,1
빈센트 뮤직,4.857142857142857,0.3585685828003181,0.0,195.0952380952381,0.08333333333333333,0.19047619047619047,0.5,21,21.0,16.0,0.0,0.0,0.0,16.0,0.7619047619047619,0.19047619047619047,0.8095238095238095,0.9642857142857142,0.15476190476190466,1,0,2
빠스트1,4.690476190476191,0.8968262533442989,0.047619047619047616,471.6904761904762,0.038461538461538464,0.19047619047619047,0.4,42,21.0,31.0,0.0,0.06451612903225806,0.0967741935483871,15.5,0.7380952380952381,0.19047619047619047,0.8095238095238095,0.9226190476190477,0.11309523809523814,2,0,2
사만컴퍼니,4.571428571428571,0.8106434833777776,0.047619047619047616,301.23809523809524,0.2,0.047619047619047616,0.3333333333333333,21,21.0,7.0,0.14285714285714285,0.0,0.0,7.0,0.3333333333333333,0.047619047619047616,0.9523809523809523,0.8928571428571428,0.059523809523809534,1,0,1
삼지아이티(주),4.68,0.6271629240742259,0.0,158.12,0.0,0.04,0.3684210526315789,25,25.0,17.0,0.0,0.058823529411764705,0.058823529411764705,17.0,0.68,0.04,0.96,0.9199999999999999,0.040000000000000036,1,0,1
서노마켓,4.95,0.22360679774997894,0.0,475.35,0.0,0.15,0.47368421052631576,20,20.0,19.0,0.0,0.0,0.3684210526315789,19.0,0.95,0.15,0.85,0.9875,0.13750000000000007,1,1,3
선스마켓,4.758620689655173,0.732942754701683,0.034482758620689655,452.44827586206895,0.03125,0.13793103448275862,0.38,58,19.333333333333332,39.0,0.05128205128205128,0.05128205128205128,0.0,13.0,0.6724137931034483,0.13793103448275862,0.8620689655172413,0.9396551724137931,0.07758620689655182,3,0,1
성지물류주식회사,5.0,0.0,0.0,478.8,0.0,0.05,0.5,20,20.0,16.0,0.0,0.0,0.0,16.0,0.8,0.05,0.95,1.0,0.050000000000000044,1,0,2
세레노라비아,4.8,0.5231483637805969,0.0,459.2,0.0,0.05,0.29411764705882354,20,20.0,17.0,0.058823529411764705,0.0,0.0,17.0,0.85,0.05,0.95,0.95,0.0,1,0,2
세티나플렉스,5.0,0.0,0.0,412.65,0.0,0.0,0.45,20,20.0,15.0,0.0,0.0,0.0,15.0,0.75,0.0,1.0,1.0,0.0,1,0,1
셀러스타,4.9,0.30779350562554625,0.0,82.05,0.0,0.05,0.4444444444444444,20,20.0,15.0,0.0,0.0,0.13333333333333333,15.0,0.75,0.05,0.95,0.9750000000000001,0.025000000000000133,1,0,1
셀리즈,4.8,0.5231483637805969,0.0,583.2,0.0,0.05,0.29411764705882354,20,20.0,16.0,0.0625,0.0,0.1875,16.0,0.8,0.05,0.95,0.95,0.0,1,0,2
셀샾,4.904761904761905,0.30079260375911915,0.0,425.0,0.08333333333333333,0.0,0.5263157894736842,21,21.0,16.0,0.0,0.0,0.0,16.0,0.7619047619047619,0.0,1.0,0.9761904761904763,0.023809523809523725,1,0,0
소아이카 유한회사,4.681818181818182,0.5679003631895497,0.0,168.5,0.15384615384615385,0.22727272727272727,0.5,22,22.0,16.0,0.0625,0.0,0.0625,16.0,0.7272727272727273,0.22727272727272727,0.7727272727272727,0.9204545454545454,0.1477272727272727,1,0,1
소윤스텔라,4.1,1.2096106376585989,0.15,5.1,0.3333333333333333,0.0,1.0,20,20.0,4.0,0.25,0.0,0.25,4.0,0.2,0.0,1.0,0.7749999999999999,0.2250000000000001,1,1,3
수식품,5.0,0.0,0.0,537.5,0.2727272727272727,0.05,0.5,20,20.0,15.0,0.0,0.0,0.0,15.0,0.75,0.05,0.95,1.0,0.050000000000000044,1,0,1
숙스토어,4.9,0.30779350562554625,0.0,338.4,0.0,0.0,0.3888888888888889,20,20.0,15.0,0.0,0.0,0.0,15.0,0.75,0.0,1.0,0.9750000000000001,0.02499999999999991,1,0,1
슈퍼마아켓,4.7272727272727275,0.5504818825631803,0.0,90.5909090909091,0.07142857142857142,0.0,0.47058823529411764,22,22.0,3.0,0.0,0.0,0.3333333333333333,3.0,0.13636363636363635,0.0,1.0,0.9318181818181819,0.06818181818181812,1,0,0
스마트딜 공식몰,4.619047619047619,0.9206622874969125,0.09523809523809523,459.0952380952381,0.08333333333333333,0.09523809523809523,0.47058823529411764,21,21.0,10.0,0.2,0.0,0.0,10.0,0.47619047619047616,0.09523809523809523,0.9047619047619048,0.9047619047619047,1.1102230246251565e-16,1,0,1
스파클주식회사,5.0,0.0,0.0,497.4,0.0,0.15,0.4,20,20.0,15.0,0.2,0.0,0.0,15.0,0.75,0.15,0.85,1.0,0.15000000000000002,1,1,4
스페이스워크,4.85,0.48936048492959283,0.0,507.45,0.0,0.15,0.4444444444444444,20,20.0,15.0,0.0,0.0,0.13333333333333333,15.0,0.75,0.15,0.85,0.9624999999999999,0.11249999999999993,1,0,2
스포츠벅스,4.8,0.5231483637805969,0.0,505.8,0.0,0.0,0.35294117647058826,20,20.0,16.0,0.0,0.0,0.125,16.0,0.8,0.0,1.0,0.95,0.050000000000000044,1,0,2
시벅스-PC,4.857142857142857,0.35856858280031817,0.0,457.76190476190476,0.11764705882352941,0.047619047619047616,0.2222222222222222,21,21.0,15.0,0.0,0.06666666666666667,0.0,15.0,0.7142857142857143,0.047619047619047616,0.9523809523809523,0.9642857142857142,0.011904761904761862,1,0,1
시원유통,4.9,0.30779350562554625,0.0,429.45,0.0,0.1,0.3888888888888889,20,20.0,16.0,0.125,0.0,0.0,16.0,0.8,0.1,0.9,0.9750000000000001,0.07500000000000007,1,1,3
시크픽23,4.304347826086956,1.362977442909978,0.13043478260869565,249.43478260869566,0.2,0.043478260869565216,0.5625,23,23.0,15.0,0.0,0.0,0.0,15.0,0.6521739130434783,0.043478260869565216,0.9565217391304348,0.826086956521739,0.1304347826086958,1,0,0
신선한소식,5.0,0.0,0.0,473.35,0.07692307692307693,0.05,0.4,20,20.0,13.0,0.0,0.07692307692307693,0.15384615384615385,13.0,0.65,0.05,0.95,1.0,0.050000000000000044,1,0,2
쏘리브(soliv),4.733333333333333,1.0327955589886446,0.06666666666666667,58.06666666666667,0.0,0.0,0.42857142857142855,15,15.0,0.0,0.0,0.0,0.0,0.0,0.0,0.0,1.0,0.9333333333333333,0.06666666666666665,1,0,1
씨에이치커머스,4.785714285714286,0.6062968075252673,0.023809523809523808,450.8095238095238,0.041666666666666664,0.09523809523809523,0.4166666666666667,42,21.0,30.0,0.0,0.0,0.1,15.0,0.7142857142857143,0.09523809523809523,0.9047619047619048,0.9464285714285714,0.04166666666666663,2,0,0
아이와이2상회,4.833333333333333,0.408248290463863,0.0,51.166666666666664,0.0,0.16666666666666666,1.0,6,1.5,4.0,0.0,0.0,0.25,1.0,0.6666666666666666,0.16666666666666666,0.8333333333333334,0.9583333333333333,0.12499999999999989,4,0,2
아이월드,4.75,0.910465468000326,0.05,470.65,0.0,0.1,0.2777777777777778,20,20.0,12.0,0.0,0.0,0.0,12.0,0.6,0.1,0.9,0.9375,0.03749999999999998,1,0,1
아지몰,4.8,0.6958523739384593,0.05,430.85,0.0,0.05,0.3888888888888889,20,20.0,15.0,0.06666666666666667,0.2,0.0,15.0,0.75,0.05,0.95,0.95,0.0,1,1,3
"앤커이노베이션코리아 주식회사 (Anker Innovations Korea Co., Ltd.)",4.380952380952381,1.3219754338182867,0.19047619047619047,243.38095238095238,0.08333333333333333,0.19047619047619047,0.47058823529411764,21,21.0,15.0,0.0,0.13333333333333333,0.0,15.0,0.7142857142857143,0.19047619047619047,0.8095238095238095,0.8452380952380953,0.03571428571428581,1,0,2
어반스토어,4.904761904761905,0.30079260375911915,0.0,464.3333333333333,0.08333333333333333,0.23809523809523808,0.5263157894736842,21,21.0,16.0,0.0,0.0,0.0,16.0,0.7619047619047619,0.23809523809523808,0.7619047619047619,0.9761904761904763,0.2142857142857144,1,0,2
에버딜글로벌,4.95,0.22360679774997894,0.0,227.95,0.0,0.0,0.42105263157894735,20,20.0,3.0,0.0,0.0,0.0,3.0,0.15,0.0,1.0,0.9875,0.012499999999999956,1,0,1
에스에이치씨 스튜디오,4.904761904761905,0.30079260375911915,0.0,427.3333333333333,0.07692307692307693,0.09523809523809523,0.47368421052631576,21,21.0,7.0,0.2857142857142857,0.0,0.0,7.0,0.3333333333333333,0.09523809523809523,0.9047619047619048,0.9761904761904763,0.07142857142857151,1,0,1
에스엔샵,5.0,0.0,0.0,465.25,0.0,0.15,0.4,20,20.0,16.0,0.0625,0.125,0.0,16.0,0.8,0.15,0.85,1.0,0.15000000000000002,1,1,5
에쓰씨플레닛주식회사,4.3478260869565215,0.9820523802070622,0.08695652173913043,310.04347826086956,0.1875,0.043478260869565216,0.42857142857142855,23,23.0,6.0,0.0,0.0,0.0,6.0,0.2608695652173913,0.043478260869565216,0.9565217391304348,0.8369565217391304,0.11956521739130443,1,0,0
에이티디,4.7,0.6569466853317862,0.0,233.95,0.15384615384615385,0.0,0.375,20,20.0,12.0,0.0,0.0,0.08333333333333333,12.0,0.6,0.0,1.0,0.925,0.07499999999999996,1,0,1
에프엠(FM)인터내셔널,4.95,0.22360679774997894,0.0,465.45,0.0,0.1,0.42105263157894735,20,20.0,15.0,0.0,0.0,0.3333333333333333,15.0,0.75,0.1,0.9,0.9875,0.08750000000000002,1,0,1
엑설런트네트워크,4.857142857142857,0.35856858280031817,0.0,406.76190476190476,0.08333333333333333,0.3333333333333333,0.5,21,21.0,15.0,0.13333333333333333,0.13333333333333333,0.26666666666666666,15.0,0.7142857142857143,0.3333333333333333,0.6666666666666667,0.9642857142857142,0.29761904761904745,1,1,4
엔씨앤비주식회사,4.714285714285714,0.6436503043467892,0.0,445.04761904761904,0.07692307692307693,0.0,0.47058823529411764,21,21.0,17.0,0.058823529411764705,0.0,0.0,17.0,0.8095238095238095,0.0,1.0,0.9285714285714286,0.0714285714285714,1,0,1
엔케이케이(nkk)그룹,4.9,0.30779350562554625,0.0,563.1,0.0,0.15,0.3888888888888889,20,20.0,16.0,0.0625,0.0,0.0625,16.0,0.8,0.15,0.85,0.9750000000000001,0.1250000000000001,1,1,3
엠텍스,4.7,0.9233805168766387,0.05,538.5,0.0,0.2,0.4117647058823529,20,20.0,16.0,0.0,0.0,0.0625,16.0,0.8,0.2,0.8,0.925,0.125,1,1,3
연담,4.8,0.894427190999916,0.05,411.4,0.15384615384615385,0.0,0.3684210526315789,20,20.0,15.0,0.06666666666666667,0.0,0.0,15.0,0.75,0.0,1.0,0.95,0.050000000000000044,1,0,2
연장닷컴,4.95,0.22360679774997896,0.0,616.35,0.0,0.05,0.3157894736842105,20,20.0,15.0,0.0,0.0,0.06666666666666667,15.0,0.75,0.05,0.95,0.9875,0.03750000000000009,1,0,1
예주마켓3,4.666666666666667,0.9128709291752768,0.047619047619047616,379.1904761904762,0.08333333333333333,0.23809523809523808,0.47058823529411764,21,21.0,15.0,0.26666666666666666,0.0,0.3333333333333333,15.0,0.7142857142857143,0.23809523809523808,0.7619047619047619,0.9166666666666667,0.15476190476190488,1,1,3
오더퀄리티,4.75,0.910465468000326,0.05,504.7,0.0,0.0,0.3888888888888889,20,20.0,16.0,0.125,0.0,0.0,16.0,0.8,0.0,1.0,0.9375,0.0625,1,1,3
오뚜기mall,4.85,0.3663475485325232,0.0,71.2,0.0,0.0,0.47058823529411764,20,20.0,8.0,0.0,0.0,0.0,8.0,0.4,0.0,1.0,0.9624999999999999,0.03750000000000009,1,0,1
오마주룸,4.428571428571429,0.9783367810436533,0.047619047619047616,137.04761904761904,0.07692307692307693,0.19047619047619047,0.3076923076923077,21,21.0,15.0,0.2,0.0,0.13333333333333333,15.0,0.7142857142857143,0.19047619047619047,0.8095238095238095,0.8571428571428572,0.04761904761904767,1,0,2
오만컴퍼니,4.7272727272727275,0.5504818825631803,0.0,662.0454545454545,0.07692307692307693,0.18181818181818182,0.47058823529411764,22,22.0,17.0,0.0,0.0,0.0,17.0,0.7727272727272727,0.18181818181818182,0.8181818181818181,0.9318181818181819,0.11363636363636376,1,0,1
오빠야,4.904761904761905,0.30079260375911915,0.0,446.57142857142856,0.0,0.09523809523809523,0.5263157894736842,21,21.0,19.0,0.0,0.0,0.0,19.0,0.9047619047619048,0.09523809523809523,0.9047619047619048,0.9761904761904763,0.07142857142857151,1,0,1
오엠마켓,4.85,0.4893604849295929,0.0,389.4,0.0,0.1,0.3333333333333333,20,20.0,16.0,0.0,0.0,0.1875,16.0,0.8,0.1,0.9,0.9624999999999999,0.06249999999999989,1,0,2
오지렌 주식회사,4.7,0.9233805168766387,0.1,403.5,0.0,0.0,0.3333333333333333,20,20.0,7.0,0.0,0.0,0.0,7.0,0.35,0.0,1.0,0.925,0.07499999999999996,1,0,1
오허브,4.95,0.22360679774997894,0.0,360.15,0.0,0.1,0.42105263157894735,20,20.0,6.0,0.0,0.0,0.0,6.0,0.3,0.1,0.9,0.9875,0.08750000000000002,1,0,1
올디얼,4.9,0.3077935056255462,0.0,480.6,0.0,0.2,0.3888888888888889,20,20.0,16.0,0.0625,0.1875,0.0,16.0,0.8,0.2,0.8,0.9750000000000001,0.17500000000000004,1,1,5
올바른유통,3.0,1.7580981459830651,0.4782608695652174,13.782608695652174,0.15384615384615385,0.0,0.7142857142857143,23,23.0,5.0,0.0,0.0,0.2,5.0,0.21739130434782608,0.0,1.0,0.5,0.5,1,0,1
올픽스,4.7,0.9787209698591858,0.05,434.3,0.0,0.35,0.3888888888888889,20,20.0,16.0,0.0,0.125,0.1875,16.0,0.8,0.35,0.65,0.925,0.275,1,1,5
와이에스마켓,4.926829268292683,0.2636516548818748,0.0,462.390243902439,0.045454545454545456,0.24390243902439024,0.5,41,20.5,30.0,0.13333333333333333,0.13333333333333333,0.2,15.0,0.7317073170731707,0.24390243902439024,0.7560975609756098,0.9817073170731707,0.22560975609756095,2,1,4
왕샤오화이커머스 유한회사,5.0,0.0,0.0,473.6,0.0,0.3,0.4,20,20.0,15.0,0.0,0.06666666666666667,0.0,15.0,0.75,0.3,0.7,1.0,0.30000000000000004,1,1,4
웅진푸드,5.0,0.0,0.0,484.9,0.0,0.0,0.4,20,20.0,14.0,0.0,0.0,0.0,14.0,0.7,0.0,1.0,1.0,0.0,1,0,1
원가상점,4.410256410256411,0.8801300357856433,0.05128205128205128,31.46153846153846,0.07692307692307693,0.0,0.7916666666666666,39,13.0,9.0,0.0,0.0,0.0,3.0,0.23076923076923078,0.0,1.0,0.8525641025641026,0.14743589743589736,3,0,1
원더풀타임,4.75,0.910465468000326,0.05,541.25,0.0,0.05,0.3888888888888889,20,20.0,16.0,0.0625,0.0,0.0,16.0,0.8,0.05,0.95,0.9375,0.012499999999999956,1,0,2
원투상사,4.95,0.22360679774997894,0.0,419.4,0.0,0.0,0.42105263157894735,20,20.0,15.0,0.0,0.0,0.0,15.0,0.75,0.0,1.0,0.9875,0.012499999999999956,1,0,1
원플디자인,4.75,0.7163503994113789,0.05,305.45,0.0,0.0,0.4117647058823529,20,20.0,15.0,0.0,0.0,0.0,15.0,0.75,0.0,1.0,0.9375,0.0625,1,0,1
웨이즈,4.947368421052632,0.22941573387056177,0.0,402.42105263157896,0.0,0.10526315789473684,0.4444444444444444,19,19.0,16.0,0.0,0.1875,0.0,16.0,0.8421052631578947,0.10526315789473684,0.8947368421052632,0.986842105263158,0.0921052631578948,1,1,3
위캔코퍼레이,4.868421052631579,0.6645889862357703,0.02631578947368421,529.1052631578947,0.0,0.02631578947368421,0.4444444444444444,38,19.0,31.0,0.03225806451612903,0.0967741935483871,0.03225806451612903,15.5,0.8157894736842105,0.02631578947368421,0.9736842105263158,0.9671052631578947,0.006578947368421129,2,1,3
위하다글로벌(주),4.8,0.41039134083406165,0.0,561.1,0.07692307692307693,0.15,0.375,20,20.0,21.0,0.0,0.0,0.0,21.0,1.05,0.15,0.85,0.95,0.09999999999999998,1,1,3
"유그린코리아 주식회사(Ugreen Korea Co., Ltd.)",4.8,0.6958523739384593,0.05,363.05,0.0,0.0,0.3888888888888889,20,20.0,15.0,0.0,0.26666666666666666,0.0,15.0,0.75,0.0,1.0,0.95,0.050000000000000044,1,0,2
유니마트,4.852459016393443,0.4773561065483674,0.01639344262295082,454.8524590163934,0.05555555555555555,0.16393442622950818,0.42592592592592593,61,20.333333333333332,51.0,0.0196078431372549,0.0392156862745098,0.0784313725490196,17.0,0.8360655737704918,0.16393442622950818,0.8360655737704918,0.9631147540983607,0.12704918032786883,3,0,2
유로앳홈,4.857142857142857,0.3585685828003181,0.0,327.2857142857143,0.25,0.0,0.5,21,21.0,15.0,0.0,0.0,0.0,15.0,0.7142857142857143,0.0,1.0,0.9642857142857142,0.03571428571428581,1,0,0
유주월드,2.607142857142857,1.9117431586805549,0.6071428571428571,95.60714285714286,0.42105263157894735,0.21428571428571427,0.8,28,28.0,15.0,0.06666666666666667,0.0,0.2,15.0,0.5357142857142857,0.21428571428571427,0.7857142857142857,0.4017857142857143,0.3839285714285714,1,1,3
유한회사 루벤타스,4.8,0.5231483637805969,0.0,487.8,0.0,0.2,0.29411764705882354,20,20.0,15.0,0.0,0.0,0.0,15.0,0.75,0.2,0.8,0.95,0.1499999999999999,1,1,3
유한회사 메이랑샵,4.157894736842105,1.5004872502970805,0.21052631578947367,34.8421052631579,0.18181818181818182,0.0,0.5714285714285714,19,19.0,15.0,0.0,0.0,0.2,15.0,0.7894736842105263,0.0,1.0,0.7894736842105263,0.21052631578947367,1,1,3
유한회사 선전뉴파워테크놀로지,5.0,0.0,0.0,434.95,0.0,0.05,0.45,20,20.0,16.0,0.0,0.0625,0.0,16.0,0.8,0.05,0.95,1.0,0.050000000000000044,1,1,3
유한회사 장흥,4.75,0.910465468000326,0.05,450.55,0.0,0.25,0.4444444444444444,20,20.0,15.0,0.0,0.0,0.2,15.0,0.75,0.25,0.75,0.9375,0.1875,1,1,3
유한회사 티안다오청결가구,4.391304347826087,0.8913284485317718,0.043478260869565216,592.7826086956521,0.17647058823529413,0.2608695652173913,0.2857142857142857,23,23.0,15.0,0.06666666666666667,0.2,0.0,15.0,0.6521739130434783,0.2608695652173913,0.7391304347826086,0.8478260869565217,0.10869565217391308,1,1,3
윤스마트,4.904761904761905,0.30079260375911915,0.0,517.7619047619048,0.0,0.047619047619047616,0.47368421052631576,21,21.0,16.0,0.0,0.0,0.0625,16.0,0.7619047619047619,0.047619047619047616,0.9523809523809523,0.9761904761904763,0.023809523809523947,1,0,0
윤슬,4.8,0.6958523739384594,0.05,446.65,0.0,0.1,0.3888888888888889,20,20.0,15.0,0.0,0.0,0.0,15.0,0.75,0.1,0.9,0.95,0.04999999999999993,1,0,1
은진유통,4.85,0.4893604849295929,0.0,494.3,0.0,0.0,0.2777777777777778,20,20.0,15.0,0.0,0.0,0.0,15.0,0.75,0.0,1.0,0.9624999999999999,0.03750000000000009,1,0,1
이공사보,5.0,0.0,0.0,195.45,0.0,0.05,0.5,20,20.0,1.0,0.0,0.0,1.0,1.0,0.05,0.05,0.95,1.0,0.050000000000000044,1,0,1
이글루,4.904761904761905,0.30079260375911915,0.0,437.57142857142856,0.07692307692307693,0.14285714285714285,0.47368421052631576,21,21.0,15.0,0.0,0.06666666666666667,0.13333333333333333,15.0,0.7142857142857143,0.14285714285714285,0.8571428571428572,0.9761904761904763,0.11904761904761907,1,0,1
이상철,4.565217391304348,0.8957519419470862,0.043478260869565216,425.4782608695652,0.2,0.30434782608695654,0.5,23,23.0,15.0,0.06666666666666667,0.0,0.13333333333333333,15.0,0.6521739130434783,0.30434782608695654,0.6956521739130435,0.8913043478260869,0.19565217391304346,1,1,3
이카운트다운,3.0,1.6555182695279267,0.42857142857142855,105.46428571428571,0.45,0.07142857142857142,0.8888888888888888,28,28.0,7.0,0.2857142857142857,0.0,0.14285714285714285,7.0,0.25,0.07142857142857142,0.9285714285714286,0.5,0.4285714285714286,1,0,2
이커머스몰,3.4166666666666665,1.9318084941243565,0.375,198.20833333333334,0.25,0.0,0.5384615384615384,24,24.0,15.0,0.06666666666666667,0.0,0.0,15.0,0.625,0.0,1.0,0.6041666666666666,0.39583333333333337,1,0,2
이프로샵,4.85,0.4893604849295929,0.0,446.3,0.0,0.15,0.3888888888888889,20,20.0,15.0,0.13333333333333333,0.0,0.0,15.0,0.75,0.15,0.85,0.9624999999999999,0.11249999999999993,1,1,3
인타임,4.85,0.4893604849295929,0.0,493.45,0.0,0.2,0.4444444444444444,20,20.0,15.0,0.2,0.0,0.0,15.0,0.75,0.2,0.8,0.9624999999999999,0.16249999999999987,1,1,4
잎새얀새,4.95,0.22360679774997894,0.0,573.1,0.0,0.0,0.42105263157894735,20,20.0,17.0,0.0,0.0,0.0,17.0,0.85,0.0,1.0,0.9875,0.012499999999999956,1,0,2
잘넘어가는알약,4.8,0.8944271909999161,0.05,476.55,0.0,0.1,0.3684210526315789,20,20.0,17.0,0.058823529411764705,0.0,0.058823529411764705,17.0,0.85,0.1,0.9,0.95,0.04999999999999993,1,0,2
장바구니닷컴,4.85,0.670820393249937,0.05,487.25,0.0,0.1,0.42105263157894735,20,20.0,15.0,0.06666666666666667,0.0,0.0,15.0,0.75,0.1,0.9,0.9624999999999999,0.06249999999999989,1,0,2
정식총판도로시,4.304347826086956,1.06321906614239,0.08695652173913043,482.60869565217394,0.21428571428571427,0.17391304347826086,0.46153846153846156,23,23.0,16.0,0.0,0.0,0.0,16.0,0.6956521739130435,0.17391304347826086,0.8260869565217391,0.826086956521739,1.1102230246251565e-16,1,0,1
정앤정,4.95,0.22360679774997894,0.0,585.8,0.0,0.2,0.3684210526315789,20,20.0,16.0,0.1875,0.0,0.0,16.0,0.8,0.2,0.8,0.9875,0.1875,1,1,5
제스트칸,4.476190476190476,1.123345344008138,0.09523809523809523,474.3809523809524,0.07142857142857142,0.19047619047619047,0.375,21,21.0,15.0,0.06666666666666667,0.0,0.2,15.0,0.7142857142857143,0.19047619047619047,0.8095238095238095,0.8690476190476191,0.059523809523809534,1,0,2
제이 앤 제이(J&J company),4.85,0.4893604849295929,0.0,511.8,0.0,0.1,0.3888888888888889,20,20.0,15.0,0.0,0.13333333333333333,0.0,15.0,0.75,0.1,0.9,0.9624999999999999,0.06249999999999989,1,0,2
제이디,4.260869565217392,1.2510864843424485,0.08695652173913043,100.8695652173913,0.21428571428571427,0.13043478260869565,0.5333333333333333,23,23.0,13.0,0.0,0.0,0.15384615384615385,13.0,0.5652173913043478,0.13043478260869565,0.8695652173913043,0.8152173913043479,0.05434782608695643,1,0,0
제이마켓,3.8518518518518516,1.1994775690884922,0.14814814814814814,140.59259259259258,0.3684210526315789,0.0,0.6666666666666666,27,27.0,16.0,0.0,0.125,0.0625,16.0,0.5925925925925926,0.0,1.0,0.7129629629629629,0.2870370370370371,1,0,2
제이에스퍼니처,4.7727272727272725,0.42893202722888857,0.0,363.8636363636364,0.15384615384615385,0.045454545454545456,0.5294117647058824,22,22.0,15.0,0.2,0.0,0.0,15.0,0.6818181818181818,0.045454545454545456,0.9545454545454546,0.9431818181818181,0.011363636363636465,1,0,1
제이에스피 스토어,5.0,0.0,0.0,388.05,0.0,0.1,0.45,20,20.0,16.0,0.0,0.0,0.0625,16.0,0.8,0.1,0.9,1.0,0.09999999999999998,1,0,2
제이에이치(JH)마켓,4.75,0.5501196042201808,0.0,491.2,0.0,0.2,0.3125,20,20.0,15.0,0.13333333333333333,0.0,0.0,15.0,0.75,0.2,0.8,0.9375,0.13749999999999996,1,1,3
제이엠파크,4.9,0.30779350562554625,0.0,360.4,0.14285714285714285,0.1,0.3888888888888889,20,20.0,15.0,0.0,0.0,0.06666666666666667,15.0,0.75,0.1,0.9,0.9750000000000001,0.07500000000000007,1,0,1
제이와이스타일,4.739130434782608,0.4489777585448794,0.0,199.65217391304347,0.21428571428571427,0.043478260869565216,0.5882352941176471,23,23.0,2.0,0.0,0.0,0.0,2.0,0.08695652173913043,0.043478260869565216,0.9565217391304348,0.9347826086956521,0.021739130434782705,1,0,0
제이제이 인터내셔널,4.75,0.910465468000326,0.05,608.9,0.0,0.1,0.3888888888888889,20,20.0,15.0,0.0,0.06666666666666667,0.13333333333333333,15.0,0.75,0.1,0.9,0.9375,0.03749999999999998,1,0,2
제이제이유,4.75,0.910465468000326,0.05,446.5,0.0,0.1,0.4444444444444444,20,20.0,15.0,0.0,0.0,0.26666666666666666,15.0,0.75,0.1,0.9,0.9375,0.03749999999999998,1,0,1
제이티알네트웍스,4.681818181818182,0.4767312946227962,0.0,567.9545454545455,0.15384615384615385,0.045454545454545456,0.4666666666666667,22,22.0,15.0,0.0,0.0,0.26666666666666666,15.0,0.6818181818181818,0.045454545454545456,0.9545454545454546,0.9204545454545454,0.03409090909090917,1,0,0
조나니,4.65,0.9333020044867296,0.05,413.2,0.0,0.05,0.375,20,20.0,15.0,0.13333333333333333,0.0,0.0,15.0,0.75,0.05,0.95,0.9125000000000001,0.03749999999999987,1,0,2
조이헬스,5.0,0.0,0.0,366.0,0.0,0.05,0.5,20,20.0,15.0,0.0,0.0,0.0,15.0,0.75,0.05,0.95,1.0,0.050000000000000044,1,0,1
종품생활 유한회사,5.0,0.0,0.0,273.5,0.0,0.15,0.4,20,20.0,15.0,0.0,0.2,0.0,15.0,0.75,0.15,0.85,1.0,0.15000000000000002,1,1,4
주마트,5.0,0.0,0.0,489.35,0.0,0.05,0.5,20,20.0,15.0,0.0,0.0,0.0,15.0,0.75,0.05,0.95,1.0,0.050000000000000044,1,0,1
주식회사 구다이글로벌,4.75,0.910465468000326,0.05,419.25,0.09090909090909091,0.3,0.4444444444444444,20,20.0,7.0,0.0,0.0,0.14285714285714285,7.0,0.35,0.3,0.7,0.9375,0.23750000000000004,1,1,3
주식회사 나루,4.9,0.30779350562554625,0.0,407.45,0.0,0.05,0.4444444444444444,20,20.0,16.0,0.0,0.0,0.0,16.0,0.8,0.05,0.95,0.9750000000000001,0.025000000000000133,1,0,2
주식회사 놉스,4.6,1.2311740225021848,0.1,572.5,0.0,0.1,0.16666666666666666,20,20.0,15.0,0.2,0.26666666666666666,0.0,15.0,0.75,0.1,0.9,0.8999999999999999,1.1102230246251565e-16,1,1,3
주식회사 대한매트,4.083333333333333,1.3805061033726997,0.20833333333333334,59.083333333333336,0.2,0.0,0.5714285714285714,24,24.0,16.0,0.0,0.0,0.0,16.0,0.6666666666666666,0.0,1.0,0.7708333333333333,0.22916666666666674,1,0,1
주식회사 더수인컴퍼니,4.318181818181818,1.249242194534775,0.09090909090909091,229.8181818181818,0.26666666666666666,0.13636363636363635,0.3333333333333333,22,22.0,13.0,0.23076923076923078,0.07692307692307693,0.0,13.0,0.5909090909090909,0.13636363636363635,0.8636363636363636,0.8295454545454546,0.03409090909090906,1,0,2
주식회사 데르발론,3.24,1.8547236990991407,0.44,161.8,0.2631578947368421,0.16,0.5,25,25.0,15.0,0.06666666666666667,0.0,0.4,15.0,0.6,0.16,0.84,0.56,0.2799999999999999,1,1,3
주식회사 드링킹,4.904761904761905,0.30079260375911915,0.0,781.8095238095239,0.08333333333333333,0.047619047619047616,0.5263157894736842,21,21.0,15.0,0.0,0.0,0.0,15.0,0.7142857142857143,0.047619047619047616,0.9523809523809523,0.9761904761904763,0.023809523809523947,1,0,0
주식회사 디온,4.761904761904762,0.4364357804719847,0.0,111.33333333333333,0.23076923076923078,0.0,0.4375,21,21.0,12.0,0.0,0.0,0.0,12.0,0.5714285714285714,0.0,1.0,0.9404761904761905,0.059523809523809534,1,0,0
주식회사 레볼루션시스템,5.0,0.0,0.0,275.5,0.0,0.1,0.45,20,20.0,16.0,0.0,0.0,0.0625,16.0,0.8,0.1,0.9,1.0,0.09999999999999998,1,0,2
주식회사 리노아,4.125,1.0759222535351585,0.125,187.25,0.25,0.16666666666666666,0.5,24,24.0,7.0,0.0,0.0,0.0,7.0,0.2916666666666667,0.16666666666666666,0.8333333333333334,0.78125,0.05208333333333337,1,0,1
주식회사 리프앤코,3.772727272727273,1.6310037278231955,0.22727272727272727,181.9090909090909,0.15384615384615385,0.09090909090909091,0.36363636363636365,22,22.0,3.0,0.0,0.0,0.0,3.0,0.13636363636363635,0.09090909090909091,0.9090909090909091,0.6931818181818182,0.21590909090909083,1,0,1
주식회사 린보,4.75,0.7863975156570492,0.05,323.85,0.0,0.05,0.05555555555555555,20,20.0,15.0,0.0,0.0,0.0,15.0,0.75,0.05,0.95,0.9375,0.012499999999999956,1,0,1
주식회사 마인드디저트,5.0,0.0,0.0,334.05,0.0,0.0,0.45,20,20.0,5.0,0.0,0.0,0.0,5.0,0.25,0.0,1.0,1.0,0.0,1,0,1
주식회사 몬스터기어,4.95,0.22360679774997896,0.0,503.05,0.0,0.1,0.3684210526315789,20,20.0,15.0,0.13333333333333333,0.13333333333333333,0.0,15.0,0.75,0.1,0.9,0.9875,0.08750000000000002,1,1,3
주식회사 바름코리아,5.0,0.0,0.0,522.5,0.0,0.0,0.4,20,20.0,16.0,0.0,0.0,0.0,16.0,0.8,0.0,1.0,1.0,0.0,1,0,2
주식회사 블루마틴,5.0,0.0,0.0,551.6,0.0,0.0,0.15,20,20.0,6.0,0.0,0.0,0.16666666666666666,6.0,0.3,0.0,1.0,1.0,0.0,1,0,1
주식회사 비엔에스솔루션,4.304347826086956,0.9739695071153479,0.08695652173913043,113.78260869565217,0.26666666666666666,0.043478260869565216,0.38461538461538464,23,23.0,15.0,0.0,0.06666666666666667,0.06666666666666667,15.0,0.6521739130434783,0.043478260869565216,0.9565217391304348,0.826086956521739,0.1304347826086958,1,0,1
주식회사 서포유통,4.95,0.22360679774997894,0.0,539.0,0.0,0.1,0.3157894736842105,20,20.0,16.0,0.0,0.0625,0.0,16.0,0.8,0.1,0.9,0.9875,0.08750000000000002,1,1,3
주식회사 수영사랑,4.681818181818182,0.4767312946227962,0.0,320.95454545454544,0.15384615384615385,0.045454545454545456,0.4666666666666667,22,22.0,16.0,0.0,0.0,0.0625,16.0,0.7272727272727273,0.045454545454545456,0.9545454545454546,0.9204545454545454,0.03409090909090917,1,0,0
주식회사 쉬치몰,3.96,1.019803902718557,0.08,82.0,0.3125,0.08,0.5,25,25.0,15.0,0.0,0.0,0.2,15.0,0.6,0.08,0.92,0.74,0.18000000000000005,1,0,1
주식회사 씨앤씨플러스,4.9,0.30779350562554625,0.0,200.85,0.0,0.0,0.3888888888888889,20,20.0,15.0,0.0,0.0,0.0,15.0,0.75,0.0,1.0,0.9750000000000001,0.02499999999999991,1,0,1
주식회사 아주문구,4.809523809523809,0.5117663157191589,0.0,534.6666666666666,0.07142857142857142,0.0,0.4444444444444444,21,21.0,17.0,0.0,0.058823529411764705,0.0,17.0,0.8095238095238095,0.0,1.0,0.9523809523809523,0.04761904761904767,1,0,2
주식회사 에쓰와이컴퍼니,5.0,0.0,0.0,463.25,0.0,0.0,0.5,20,20.0,15.0,0.0,0.0,0.06666666666666667,15.0,0.75,0.0,1.0,1.0,0.0,1,0,1
주식회사 에이비씨일렉트로닉스,4.95,0.22360679774997894,0.0,656.7,0.07142857142857142,0.15,0.3157894736842105,20,20.0,15.0,0.0,0.13333333333333333,0.06666666666666667,15.0,0.75,0.15,0.85,0.9875,0.13750000000000007,1,1,3
주식회사 에이치씨에스씨커뮤니케이션,5.0,0.0,0.0,581.6,0.0,0.05,0.45,20,20.0,15.0,0.06666666666666667,0.2,0.0,15.0,0.75,0.05,0.95,1.0,0.050000000000000044,1,1,3
주식회사 엘에스엘,4.866666666666666,0.5163977794943222,0.0,275.0,0.0,0.0,0.07142857142857142,15,15.0,15.0,0.0,0.06666666666666667,0.0,15.0,1.0,0.0,1.0,0.9666666666666666,0.03333333333333344,1,1,3
주식회사 엠에이티,4.666666666666667,0.9128709291752768,0.047619047619047616,444.85714285714283,0.07142857142857142,0.09523809523809523,0.35294117647058826,21,21.0,15.0,0.0,0.0,0.0,15.0,0.7142857142857143,0.09523809523809523,0.9047619047619048,0.9166666666666667,0.011904761904761973,1,0,0
주식회사 영광상사,4.666666666666667,0.9701425001453319,0.05555555555555555,309.72222222222223,0.0,0.1111111111111111,0.3333333333333333,18,18.0,13.0,0.0,0.0,0.0,13.0,0.7222222222222222,0.1111111111111111,0.8888888888888888,0.9166666666666667,0.0277777777777779,1,0,1
주식회사 오피스네오,4.95,0.22360679774997894,0.0,494.45,0.0,0.15,0.47368421052631576,20,20.0,15.0,0.06666666666666667,0.06666666666666667,0.0,15.0,0.75,0.15,0.85,0.9875,0.13750000000000007,1,1,4
주식회사 올픽,4.9,0.44721359549995787,0.0,477.65,0.08333333333333333,0.05,0.42105263157894735,20,20.0,17.0,0.0,0.0,0.0,17.0,0.85,0.05,0.95,0.9750000000000001,0.025000000000000133,1,0,2
주식회사 위드스킨인터내셔널,4.714285714285714,0.5606119105813882,0.0,535.047619047619,0.08333333333333333,0.0,0.4375,21,21.0,15.0,0.0,0.0,0.0,15.0,0.7142857142857143,0.0,1.0,0.9285714285714286,0.0714285714285714,1,0,0
주식회사 위레스코,4.9,0.30779350562554625,0.0,424.35,0.0,0.05,0.3888888888888889,20,20.0,15.0,0.0,0.0,0.0,15.0,0.75,0.05,0.95,0.9750000000000001,0.025000000000000133,1,0,1
주식회사 이룸샵,5.0,0.0,0.0,498.1111111111111,0.05555555555555555,0.05555555555555555,0.05555555555555555,18,18.0,1.0,0.0,0.0,0.0,1.0,0.05555555555555555,0.05555555555555555,0.9444444444444444,1.0,0.05555555555555558,1,0,1
주식회사 이오샵,4.045454545454546,1.7037010895686493,0.22727272727272727,153.04545454545453,0.13333333333333333,0.0,0.4375,22,22.0,9.0,0.0,0.0,0.0,9.0,0.4090909090909091,0.0,1.0,0.7613636363636365,0.23863636363636354,1,0,1
주식회사 일상연구소,4.714285714285714,0.7171371656006361,0.047619047619047616,562.1904761904761,0.07692307692307693,0.0,0.4117647058823529,21,21.0,15.0,0.0,0.06666666666666667,0.0,15.0,0.7142857142857143,0.0,1.0,0.9285714285714286,0.0714285714285714,1,0,1
주식회사 일이오,4.7,0.9233805168766387,0.05,556.85,0.0,0.1,0.35294117647058826,20,20.0,15.0,0.0,0.0,0.2,15.0,0.75,0.1,0.9,0.925,0.025000000000000022,1,0,1
주식회사 전설,4.95,0.22360679774997894,0.0,526.65,0.09090909090909091,0.0,0.47368421052631576,20,20.0,15.0,0.06666666666666667,0.0,0.0,15.0,0.75,0.0,1.0,0.9875,0.012499999999999956,1,0,2
주식회사 제스제이,4.947368421052632,0.22941573387056177,0.0,387.1578947368421,0.0,0.10526315789473684,0.3888888888888889,19,19.0,11.0,0.18181818181818182,0.0,0.0,11.0,0.5789473684210527,0.10526315789473684,0.8947368421052632,0.986842105263158,0.0921052631578948,1,0,2
주식회사 제이앤팜,4.7894736842105265,0.917662935482247,0.05263157894736842,112.05263157894737,0.0,0.10526315789473684,0.4444444444444444,19,19.0,15.0,0.0,0.0,0.2,15.0,0.7894736842105263,0.10526315789473684,0.8947368421052632,0.9473684210526316,0.052631578947368474,1,0,2
주식회사 제이코스,5.0,0.0,0.0,395.05,0.0,0.1,0.4,20,20.0,15.0,0.0,0.06666666666666667,0.0,15.0,0.75,0.1,0.9,1.0,0.09999999999999998,1,0,2
주식회사 제이피에스코스메틱,5.0,0.0,0.0,278.1578947368421,0.0,0.05263157894736842,0.42105263157894735,19,19.0,5.0,0.0,0.0,0.0,5.0,0.2631578947368421,0.05263157894736842,0.9473684210526316,1.0,0.05263157894736836,1,0,1
주식회사 지오벤처스,4.75,0.910465468000326,0.05,461.45,0.0,0.0,0.4444444444444444,20,20.0,19.0,0.05263157894736842,0.0,0.0,19.0,0.95,0.0,1.0,0.9375,0.0625,1,0,2
주식회사 착한습관,4.55,0.9986833437344551,0.05,323.05,0.08333333333333333,0.1,0.4,20,20.0,19.0,0.0,0.0,0.10526315789473684,19.0,0.95,0.1,0.9,0.8875,0.012500000000000067,1,0,2
주식회사 코람,5.0,0.0,0.0,460.95,0.0,0.05,0.5,20,20.0,15.0,0.0,0.0,0.0,15.0,0.75,0.05,0.95,1.0,0.050000000000000044,1,0,1
주식회사 코리아에프앤비,4.65,0.9880869341680842,0.05,402.2,0.0,0.05,0.23529411764705882,20,20.0,15.0,0.06666666666666667,0.0,0.06666666666666667,15.0,0.75,0.05,0.95,0.9125000000000001,0.03749999999999987,1,0,2
주식회사 큐어핏,5.0,0.0,0.0,488.25,0.0,0.05,0.45,20,20.0,15.0,0.0,0.0,0.0,15.0,0.75,0.05,0.95,1.0,0.050000000000000044,1,0,1
주식회사 큐플,4.9,0.30779350562554625,0.0,404.85,0.0,0.05,0.4444444444444444,20,20.0,15.0,0.13333333333333333,0.06666666666666667,0.0,15.0,0.75,0.05,0.95,0.9750000000000001,0.025000000000000133,1,1,3
주식회사 키킷,4.454545454545454,0.8578640544577769,0.045454545454545456,196.45454545454547,0.15384615384615385,0.045454545454545456,0.42857142857142855,22,22.0,8.0,0.0,0.0,0.5,8.0,0.36363636363636365,0.045454545454545456,0.9545454545454546,0.8636363636363635,0.09090909090909105,1,0,0
주식회사 킹툴,4.545454545454546,0.8004327833694972,0.0,33.54545454545455,0.16666666666666666,0.0,0.5625,22,22.0,0.0,0.0,0.0,0.0,0.0,0.0,0.0,1.0,0.8863636363636365,0.11363636363636354,1,0,0
주식회사 투윙스,4.9,0.44721359549995787,0.0,436.45,0.0,0.05,0.47368421052631576,20,20.0,14.0,0.07142857142857142,0.0,0.0,14.0,0.7,0.05,0.95,0.9750000000000001,0.025000000000000133,1,0,2
주식회사 파로스아스,4.619047619047619,0.9734572654303051,0.047619047619047616,478.7142857142857,0.08333333333333333,0.23809523809523808,0.47058823529411764,21,21.0,16.0,0.0625,0.0625,0.0,16.0,0.7619047619047619,0.23809523809523808,0.7619047619047619,0.9047619047619047,0.1428571428571428,1,0,2
주식회사 편한세상,4.409090909090909,1.181568405173351,0.09090909090909091,463.40909090909093,0.13333333333333333,0.0,0.4666666666666667,22,22.0,15.0,0.0,0.0,0.0,15.0,0.6818181818181818,0.0,1.0,0.8522727272727273,0.1477272727272727,1,0,0
주식회사 헬리빈,4.45,1.3562719801759993,0.15,326.0,0.0,0.05,0.4117647058823529,20,20.0,2.0,0.0,0.0,0.0,2.0,0.1,0.05,0.95,0.8625,0.08749999999999991,1,0,1
주식회사 현스토리,4.590909090909091,0.6661253213344648,0.0,319.54545454545456,0.2857142857142857,0.09090909090909091,0.5333333333333333,22,22.0,15.0,0.13333333333333333,0.06666666666666667,0.0,15.0,0.6818181818181818,0.09090909090909091,0.9090909090909091,0.8977272727272727,0.011363636363636354,1,0,2
주식회사 형도시스템,4.951219512195122,0.21808478995509087,0.0,567.8780487804878,0.08695652173913043,0.12195121951219512,0.48717948717948717,41,20.5,31.0,0.0967741935483871,0.03225806451612903,0.03225806451612903,15.5,0.7560975609756098,0.12195121951219512,0.8780487804878049,0.9878048780487805,0.1097560975609756,2,0,1
주식회사 혜윰베딩,4.904761904761905,0.30079260375911915,0.0,167.23809523809524,0.07692307692307693,0.14285714285714285,0.47368421052631576,21,21.0,15.0,0.0,0.0,0.0,15.0,0.7142857142857143,0.14285714285714285,0.8571428571428572,0.9761904761904763,0.11904761904761907,1,0,0
주식회사 휴블리스,4.9,0.30779350562554625,0.0,412.2,0.0,0.15,0.4444444444444444,20,20.0,15.0,0.0,0.0,0.06666666666666667,15.0,0.75,0.15,0.85,0.9750000000000001,0.1250000000000001,1,0,2
주식회사레전드글로벌,4.571428571428571,0.9258200997725514,0.047619047619047616,353.76190476190476,0.15384615384615385,0.047619047619047616,0.4666666666666667,21,21.0,15.0,0.0,0.2,0.0,15.0,0.7142857142857143,0.047619047619047616,0.9523809523809523,0.8928571428571428,0.059523809523809534,1,0,1
주식회사미담,5.0,0.0,0.0,481.8,0.0,0.0,0.45,20,20.0,16.0,0.0625,0.0,0.0,16.0,0.8,0.0,1.0,1.0,0.0,1,0,2
주영엔에스 주식회사,4.85,0.3663475485325232,0.0,562.45,0.0,0.0,0.4117647058823529,20,20.0,15.0,0.0,0.0,0.13333333333333333,15.0,0.75,0.0,1.0,0.9624999999999999,0.03750000000000009,1,0,1
지기샵,4.75,0.910465468000326,0.05,429.0,0.0,0.05,0.4444444444444444,20,20.0,13.0,0.07692307692307693,0.0,0.07692307692307693,13.0,0.65,0.05,0.95,0.9375,0.012499999999999956,1,0,2
지나백,5.0,0.0,0.0,480.6,0.0,0.05,0.5,20,20.0,15.0,0.0,0.0,0.0,15.0,0.75,0.05,0.95,1.0,0.050000000000000044,1,0,1
지예산업,4.714285714285714,0.7171371656006361,0.047619047619047616,540.952380952381,0.06666666666666667,0.2857142857142857,0.29411764705882354,21,21.0,19.0,0.15789473684210525,0.0,0.05263157894736842,19.0,0.9047619047619048,0.2857142857142857,0.7142857142857143,0.9285714285714286,0.2142857142857143,1,1,4
지오트래블2,5.0,0.0,0.0,0.0,0.0,0.0,1.0,2,2.0,0.0,0.0,0.0,0.0,0.0,0.0,0.0,1.0,1.0,0.0,1,0,1
지한바이오테크,5.0,0.0,0.0,433.15,0.07142857142857142,0.05,0.35,20,20.0,15.0,0.0,0.0,0.0,15.0,0.75,0.05,0.95,1.0,0.050000000000000044,1,0,1
직구파크2,2.1,1.5833182092441613,0.6666666666666666,86.46666666666667,0.45,0.5,1.0,30,30.0,9.0,0.0,0.0,0.0,9.0,0.3,0.5,0.5,0.275,0.22499999999999998,1,0,2
진코,4.55,1.2343760409722462,0.1,344.65,0.0,0.15,0.4117647058823529,20,20.0,15.0,0.0,0.0,0.0,15.0,0.75,0.15,0.85,0.8875,0.03749999999999998,1,0,2
채스토어,4.809523809523809,0.511766315719159,0.0,282.04761904761904,0.08333333333333333,0.047619047619047616,0.5,21,21.0,15.0,0.0,0.0,0.0,15.0,0.7142857142857143,0.047619047619047616,0.9523809523809523,0.9523809523809523,0.0,1,0,0
청명한,4.333333333333333,0.8563488385776752,0.047619047619047616,348.2857142857143,0.06666666666666667,0.047619047619047616,0.18181818181818182,21,21.0,16.0,0.0,0.0,0.0625,16.0,0.7619047619047619,0.047619047619047616,0.9523809523809523,0.8333333333333333,0.11904761904761907,1,0,0
체리마루,4.571428571428571,0.9258200997725515,0.047619047619047616,493.42857142857144,0.07142857142857142,0.047619047619047616,0.4,21,21.0,15.0,0.0,0.13333333333333333,0.0,15.0,0.7142857142857143,0.047619047619047616,0.9523809523809523,0.8928571428571428,0.059523809523809534,1,0,1
초이스굿,4.5,1.0513149660756937,0.05,339.1,0.0,0.05,0.2,20,20.0,15.0,0.0,0.06666666666666667,0.26666666666666666,15.0,0.75,0.05,0.95,0.875,0.07499999999999996,1,0,2
카프카,4.181818181818182,1.562548700539744,0.18181818181818182,449.54545454545456,0.15384615384615385,0.22727272727272727,0.5,22,22.0,17.0,0.0,0.11764705882352941,0.058823529411764705,17.0,0.7727272727272727,0.22727272727272727,0.7727272727272727,0.7954545454545454,0.022727272727272707,1,0,2
캄컴퍼니,4.619047619047619,1.023532631438318,0.047619047619047616,232.42857142857142,0.07692307692307693,0.047619047619047616,0.4444444444444444,21,21.0,4.0,0.0,0.0,0.0,4.0,0.19047619047619047,0.047619047619047616,0.9523809523809523,0.9047619047619047,0.04761904761904767,1,0,0
커닝시티상점 주식회사,4.95,0.22360679774997894,0.0,309.75,0.0,0.0,0.42105263157894735,20,20.0,15.0,0.0,0.0,0.06666666666666667,15.0,0.75,0.0,1.0,0.9875,0.012499999999999956,1,0,1
커스텀비,4.95,0.22360679774997894,0.0,417.05,0.0,0.05,0.47368421052631576,20,20.0,15.0,0.13333333333333333,0.0,0.0,15.0,0.75,0.05,0.95,0.9875,0.03750000000000009,1,0,2
컬러즈(COLOURZ),4.0,0.0,0.0,447.0,0.0,0.0,0.0,1,1.0,4.0,0.0,0.0,0.0,4.0,4.0,0.0,1.0,0.75,0.25,1,1,3
컴샷정보,4.85,0.3663475485325232,0.0,440.7,0.0,0.1,0.4117647058823529,20,20.0,15.0,0.0,0.06666666666666667,0.26666666666666666,15.0,0.75,0.1,0.9,0.9624999999999999,0.06249999999999989,1,0,2
케이와이컴퍼니,5.0,0.0,0.0,423.475,0.045454545454545456,0.05,0.475,40,20.0,33.0,0.18181818181818182,0.06060606060606061,0.0,16.5,0.825,0.05,0.95,1.0,0.050000000000000044,2,1,4
코웰음료 (주),5.0,0.0,0.0,471.95,0.0,0.15,0.4,20,20.0,17.0,0.0,0.0,0.0,17.0,0.85,0.15,0.85,1.0,0.15000000000000002,1,1,4
코코모,4.75,0.7863975156570492,0.05,387.25,0.0,0.1,0.3333333333333333,20,20.0,15.0,0.0,0.26666666666666666,0.0,15.0,0.75,0.1,0.9,0.9375,0.03749999999999998,1,0,2
큐브릭,4.95,0.22072142786315221,0.0,450.375,0.0,0.1,0.42105263157894735,40,20.0,14.0,0.0,0.0,0.21428571428571427,7.0,0.35,0.1,0.9,0.9875,0.08750000000000002,2,0,1
크로스보드인터내셔널 주식회사,4.590909090909091,0.9081163607574332,0.045454545454545456,443.1818181818182,0.13333333333333333,0.18181818181818182,0.4375,22,22.0,15.0,0.0,0.2,0.0,15.0,0.6818181818181818,0.18181818181818182,0.8181818181818181,0.8977272727272727,0.07954545454545459,1,0,2
클레리브,4.675,1.0225032129596565,0.075,508.35,0.0,0.075,0.4166666666666667,40,20.0,17.0,0.0,0.0,0.0,8.5,0.425,0.075,0.925,0.91875,0.006250000000000089,2,0,1
클로에코,4.9,0.30779350562554625,0.0,282.25,0.0,0.0,0.3888888888888889,20,20.0,9.0,0.0,0.0,0.0,9.0,0.45,0.0,1.0,0.9750000000000001,0.02499999999999991,1,0,1
클릭온,4.857142857142857,0.35856858280031817,0.0,366.1904761904762,0.07692307692307693,0.0,0.5,21,21.0,15.0,0.0,0.0,0.0,15.0,0.7142857142857143,0.0,1.0,0.9642857142857142,0.03571428571428581,1,0,0
태경유통,4.7727272727272725,0.42893202722888857,0.0,498.22727272727275,0.13333333333333333,0.13636363636363635,0.47058823529411764,22,22.0,15.0,0.0,0.0,0.06666666666666667,15.0,0.6818181818181818,0.13636363636363635,0.8636363636363636,0.9431818181818181,0.07954545454545447,1,0,0
태리상점,4.5,1.2354415362426845,0.1,523.45,0.0,0.2,0.3125,20,20.0,19.0,0.05263157894736842,0.0,0.10526315789473684,19.0,0.95,0.2,0.8,0.875,0.07499999999999996,1,1,3
톡톡마켓02,4.454545454545454,0.7385489458759962,0.0,396.0,0.13333333333333333,0.045454545454545456,0.3076923076923077,22,22.0,11.0,0.0,0.0,0.18181818181818182,11.0,0.5,0.045454545454545456,0.9545454545454546,0.8636363636363635,0.09090909090909105,1,0,0
트러스트마켓,4.975,0.15811388300841897,0.0,500.825,0.0,0.075,0.358974358974359,40,20.0,30.0,0.16666666666666666,0.1,0.13333333333333333,15.0,0.75,0.075,0.925,0.9937499999999999,0.06874999999999987,2,1,3
티몬머니,4.7727272727272725,0.42893202722888857,0.0,499.3636363636364,0.11764705882352941,0.2727272727272727,0.29411764705882354,22,22.0,16.0,0.0,0.0625,0.0,16.0,0.7272727272727273,0.2727272727272727,0.7272727272727273,0.9431818181818181,0.21590909090909083,1,1,3
티앤엠푸드,4.391304347826087,0.9880711436836102,0.043478260869565216,203.2173913043478,0.29411764705882354,0.043478260869565216,0.35714285714285715,23,23.0,12.0,0.0,0.0,0.0,12.0,0.5217391304347826,0.043478260869565216,0.9565217391304348,0.8478260869565217,0.10869565217391308,1,0,0
티케이씨제트 주식회사,5.0,0.0,0.0,435.05,0.0,0.2,0.4,20,20.0,15.0,0.26666666666666666,0.06666666666666667,0.0,15.0,0.75,0.2,0.8,1.0,0.19999999999999996,1,1,5
파주프로방스허브,4.55,0.8255779474818965,0.0,324.95,0.0,0.1,0.3333333333333333,20,20.0,6.0,0.0,0.16666666666666666,0.0,6.0,0.3,0.1,0.9,0.8875,0.012500000000000067,1,0,2
파파마켓,5.0,0.0,0.0,469.6,0.0,0.1,0.5,20,20.0,15.0,0.0,0.0,0.0,15.0,0.75,0.1,0.9,1.0,0.09999999999999998,1,0,1
팡팡샵,4.285714285714286,1.0555973258234952,0.09523809523809523,73.42857142857143,0.0,0.047619047619047616,0.3076923076923077,21,21.0,15.0,0.26666666666666666,0.0,0.26666666666666666,15.0,0.7142857142857143,0.047619047619047616,0.9523809523809523,0.8214285714285714,0.13095238095238093,1,0,1
패스트몰,4.875,0.515776735638242,0.025,379.675,0.047619047619047616,0.075,0.4594594594594595,40,20.0,19.0,0.05263157894736842,0.0,0.05263157894736842,9.5,0.475,0.075,0.925,0.96875,0.043749999999999956,2,0,1
패스트포워드,5.0,0.0,0.0,448.45,0.0,0.05,0.35,20,20.0,15.0,0.0,0.0,0.0,15.0,0.75,0.05,0.95,1.0,0.050000000000000044,1,0,1
퍼스트엠퍼러,4.181818181818182,1.4019158196439492,0.13636363636363635,60.31818181818182,0.15384615384615385,0.0,0.42857142857142855,22,22.0,11.0,0.0,0.0,0.0,11.0,0.5,0.0,1.0,0.7954545454545454,0.20454545454545459,1,0,1
포에버 알이즈웰,5.0,0.0,0.0,425.2105263157895,0.0,0.0,0.47368421052631576,19,19.0,16.0,0.0625,0.0,0.0,16.0,0.8421052631578947,0.0,1.0,1.0,0.0,1,0,2
폴카메라,4.65,0.9880869341680842,0.05,259.3,0.0,0.1,0.4117647058823529,20,20.0,15.0,0.0,0.0,0.0,15.0,0.75,0.1,0.9,0.9125000000000001,0.012500000000000067,1,0,1
푸드앤홈,4.9,0.4472135954999579,0.0,259.0,0.07692307692307693,0.1,0.42105263157894735,20,20.0,15.0,0.0,0.06666666666666667,0.0,15.0,0.75,0.1,0.9,0.9750000000000001,0.07500000000000007,1,0,2
프레이브로스,4.944444444444445,0.23570226039551584,0.0,522.7777777777778,0.07142857142857142,0.16666666666666666,0.23529411764705882,18,18.0,9.0,0.0,0.0,0.0,9.0,0.5,0.16666666666666666,0.8333333333333334,0.9861111111111112,0.1527777777777778,1,1,3
프로틴 스토리,4.666666666666667,0.9128709291752769,0.047619047619047616,467.85714285714283,0.07692307692307693,0.14285714285714285,0.47058823529411764,21,21.0,16.0,0.0,0.0,0.0,16.0,0.7619047619047619,0.14285714285714285,0.8571428571428572,0.9166666666666667,0.059523809523809534,1,0,0
프리패,4.75,0.6386663736585051,0.0,454.2,0.08333333333333333,0.05,0.35294117647058826,20,20.0,15.0,0.0,0.0,0.0,15.0,0.75,0.05,0.95,0.9375,0.012499999999999956,1,0,1
플랜가전,4.7368421052631575,0.9334586382051248,0.05263157894736842,383.7368421052632,0.0,0.15789473684210525,0.4117647058823529,19,19.0,15.0,0.06666666666666667,0.06666666666666667,0.13333333333333333,15.0,0.7894736842105263,0.15789473684210525,0.8421052631578947,0.9342105263157894,0.09210526315789469,1,1,5
필로지스,4.947368421052632,0.22941573387056177,0.0,411.63157894736844,0.0,0.0,0.4444444444444444,19,19.0,15.0,0.0,0.13333333333333333,0.06666666666666667,15.0,0.7894736842105263,0.0,1.0,0.986842105263158,0.013157894736842035,1,1,3
필리,5.0,0.0,0.0,463.75,0.07692307692307693,0.15,0.4,20,20.0,16.0,0.0625,0.0625,0.0,16.0,0.8,0.15,0.85,1.0,0.15000000000000002,1,1,5
필코리아,4.714285714285714,0.7171371656006361,0.047619047619047616,372.0952380952381,0.08333333333333333,0.047619047619047616,0.47058823529411764,21,21.0,15.0,0.0,0.06666666666666667,0.0,15.0,0.7142857142857143,0.047619047619047616,0.9523809523809523,0.9285714285714286,0.023809523809523725,1,0,1
하나물류,4.75,0.6386663736585051,0.0,561.8,0.0,0.15,0.4117647058823529,20,20.0,19.0,0.0,0.0,0.0,19.0,0.95,0.15,0.85,0.9375,0.08750000000000002,1,1,3
하나피온 유한회사,4.595238095238095,0.9642265650547379,0.07142857142857142,306.5238095238095,0.08333333333333333,0.21428571428571427,0.4411764705882353,42,21.0,30.0,0.06666666666666667,0.0,0.3333333333333333,15.0,0.7142857142857143,0.21428571428571427,0.7857142857142857,0.8988095238095237,0.11309523809523803,2,0,2
하루아즈,4.947368421052632,0.22941573387056177,0.0,190.47368421052633,0.0,0.05263157894736842,0.3888888888888889,19,19.0,12.0,0.08333333333333333,0.0,0.0,12.0,0.631578947368421,0.05263157894736842,0.9473684210526316,0.986842105263158,0.03947368421052633,1,0,2
하르,4.8,0.6958523739384594,0.05,436.8,0.0,0.05,0.4444444444444444,20,20.0,15.0,0.0,0.0,0.0,15.0,0.75,0.05,0.95,0.95,0.0,1,0,1
하리무역,4.238095238095238,1.445847914020071,0.14285714285714285,402.6666666666667,0.08333333333333333,0.047619047619047616,0.4,21,21.0,16.0,0.0625,0.0,0.5,16.0,0.7619047619047619,0.047619047619047616,0.9523809523809523,0.8095238095238095,0.1428571428571428,1,0,0
하면푸드,4.809523809523809,0.40237390808147827,0.0,456.6190476190476,0.15384615384615385,0.0,0.5294117647058824,21,21.0,15.0,0.0,0.0,0.0,15.0,0.7142857142857143,0.0,1.0,0.9523809523809523,0.04761904761904767,1,0,0
하오란 유한회사,4.775,0.7333624702836332,0.025,456.875,0.0,0.125,0.37142857142857144,40,20.0,34.0,0.029411764705882353,0.0,0.08823529411764706,17.0,0.85,0.125,0.875,0.9437500000000001,0.06875000000000009,2,0,2
하이후팡 주식회사,4.85,0.4893604849295929,0.0,378.85,0.0,0.2,0.4444444444444444,20,20.0,15.0,0.0,0.0,0.0,15.0,0.75,0.2,0.8,0.9624999999999999,0.16249999999999987,1,1,3
한빛상사,4.904761904761905,0.30079260375911915,0.0,267.5238095238095,0.07692307692307693,0.09523809523809523,0.47368421052631576,21,21.0,15.0,0.06666666666666667,0.0,0.0,15.0,0.7142857142857143,0.09523809523809523,0.9047619047619048,0.9761904761904763,0.07142857142857151,1,0,1
한스마켓,4.894736842105263,0.3153017676423058,0.0,416.42105263157896,0.0,0.0,0.47058823529411764,19,19.0,15.0,0.13333333333333333,0.0,0.26666666666666666,15.0,0.7894736842105263,0.0,1.0,0.9736842105263157,0.026315789473684292,1,1,3
헤세드원,4.9,0.30779350562554625,0.0,509.35,0.0,0.3,0.4444444444444444,20,20.0,15.0,0.06666666666666667,0.0,0.0,15.0,0.75,0.3,0.7,0.9750000000000001,0.27500000000000013,1,1,4
헬시에겟 healthy eget,4.95,0.22360679774997894,0.0,352.35,0.0,0.05,0.47368421052631576,20,20.0,15.0,0.0,0.0,0.0,15.0,0.75,0.05,0.95,0.9875,0.03750000000000009,1,0,1
현하트몰,4.95,0.22360679774997894,0.0,388.75,0.0,0.25,0.42105263157894735,20,20.0,15.0,0.0,0.0,0.13333333333333333,15.0,0.75,0.25,0.75,0.9875,0.23750000000000004,1,1,3
형제무역,4.9,0.44721359549995787,0.0,407.3,0.0,0.1,0.47368421052631576,20,20.0,16.0,0.125,0.0,0.0,16.0,0.8,0.1,0.9,0.9750000000000001,0.07500000000000007,1,1,3
호산실업(주),4.75,0.6386663736585051,0.0,115.95,0.08333333333333333,0.05,0.47058823529411764,20,20.0,6.0,0.0,0.0,0.0,6.0,0.3,0.05,0.95,0.9375,0.012499999999999956,1,0,1
호정가 주식회사,4.809523809523809,0.511766315719159,0.0,347.76190476190476,0.08333333333333333,0.0,0.5,21,21.0,15.0,0.0,0.0,0.0,15.0,0.7142857142857143,0.0,1.0,0.9523809523809523,0.04761904761904767,1,0,0
화장품탑케어 주식회사,4.7894736842105265,0.5353033790313108,0.0,455.0,0.0,0.0,0.375,19,19.0,15.0,0.0,0.0,0.06666666666666667,15.0,0.7894736842105263,0.0,1.0,0.9473684210526316,0.05263157894736836,1,0,2
후쥔칭이커머스 유한회사,4.631578947368421,1.01162829777814,0.05263157894736842,96.15789473684211,0.0,0.0,0.375,19,19.0,19.0,0.15789473684210525,0.0,0.0,19.0,1.0,0.0,1.0,0.9078947368421053,0.09210526315789469,1,1,3
희월드,4.809523809523809,0.5117663157191589,0.0,473.5238095238095,0.08333333333333333,0.047619047619047616,0.5,21,21.0,16.0,0.0,0.0,0.0,16.0,0.7619047619047619,0.047619047619047616,0.9523809523809523,0.9523809523809523,0.0,1,0,0
